team,G,wins,losses,win_pct,SRS,SOS,Unnamed: 8_level_1,wins,losses,Unnamed: 11_level_1,wins,losses,Unnamed: 14_level_1,wins,losses,Unnamed: 17_level_1,Tm.,Opp.,Unnamed: 20_level_1,Pace,ORtg,FTr,3PAr,TS%,TRB%,AST%,STL%,BLK%,eFG%,TOV%,ORB%,FT/FGA,year
Albany (NY),33,24,9,.727,-0.34,-5.18,,15,1,,12,3,,12,5,,2156,1996,,61.2,106.4,.390,.343,.546,53.5,47.9,9.2,5.5,.499,16.2,32.6,.296,2015
Arizona,38,34,4,.895,24.33,7.41,,16,2,,17,0,,8,3,,2911,2268,,66.5,114.8,.471,.259,.575,56.8,52.3,10.8,9.8,.535,14.2,34.5,.338,2015
Arkansas,36,27,9,.750,14.07,6.79,,13,5,,17,2,,7,5,,2787,2525,,70.1,109.6,.373,.310,.539,50.2,59.2,10.9,12.0,.500,14.3,35.7,.270,2015
Baylor,34,24,10,.706,17.85,9.33,,11,7,,16,2,,6,5,,2349,2048,,62.8,109.2,.386,.334,.530,55.9,61.1,12.2,11.2,.497,16.4,42.4,.260,2015
Belmont,33,22,11,.667,0.35,-2.77,,11,5,,12,2,,7,8,,2450,2330,,67.5,109.9,.324,.480,.589,50.3,58.7,9.4,5.5,.567,17.8,29.0,.225,2015
Boise State,34,25,9,.735,10.01,1.38,,14,4,,13,1,,8,5,,2390,2045,,62.4,110.6,.324,.416,.568,52.1,49.2,9.5,7.0,.537,14.2,28.4,.236,2015
Brigham Young,35,25,10,.714,13.53,5.02,,13,5,,13,3,,8,3,,2931,2561,,70.7,116.7,.424,.365,.584,53.2,60.9,10.2,7.4,.539,14.2,34.1,.325,2015
Buffalo,33,23,10,.697,7.93,1.60,,12,6,,11,2,,9,7,,2462,2253,,68.7,108.5,.426,.303,.533,52.0,51.7,10.9,11.3,.487,14.1,34.5,.306,2015
Butler,34,23,11,.676,16.64,8.62,,12,6,,13,3,,7,4,,2346,2073,,64.2,105.9,.408,.287,.522,54.2,47.5,9.8,8.8,.484,14.3,34.7,.279,2015
Cincinnati,34,23,11,.676,10.72,4.40,,13,5,,15,3,,6,5,,2113,1898,,59.6,102.8,.371,.297,.527,53.5,51.8,10.8,15.4,.495,17.7,37.3,.249,2015
Coastal Carolina,34,24,10,.706,-1.02,-6.18,,12,6,,14,2,,8,7,,2438,2121,,65.2,110.0,.411,.333,.537,55.7,46.1,10.8,10.2,.500,15.0,37.5,.283,2015
Davidson,32,24,8,.750,11.97,3.19,,14,4,,14,1,,9,4,,2529,2221,,67.2,117.1,.287,.456,.578,50.3,60.9,7.9,7.5,.556,12.2,30.0,.203,2015
Dayton,36,27,9,.750,10.98,4.06,,13,5,,16,0,,5,6,,2439,2190,,64.2,105.1,.482,.382,.565,48.6,60.5,10.8,7.2,.530,16.1,23.3,.330,2015
Duke,39,35,4,.897,24.97,9.87,,15,3,,15,1,,9,2,,3091,2502,,65.9,119.4,.398,.334,.593,53.9,53.5,10.7,9.0,.566,13.9,35.8,.278,2015
Eastern Washington,35,26,9,.743,0.79,-3.84,,14,4,,13,2,,11,6,,2820,2588,,68.3,117.1,.352,.421,.591,50.0,46.5,9.1,13.0,.562,13.6,29.9,.255,2015
Georgetown,33,22,11,.667,15.48,9.81,,12,6,,13,3,,5,4,,2340,2153,,64.6,108.1,.439,.325,.552,52.2,53.4,11.6,14.1,.513,16.4,34.3,.309,2015
Georgia,33,21,12,.636,12.42,8.60,,11,7,,12,4,,8,4,,2250,2124,,64.9,102.8,.477,.311,.530,53.0,55.0,8.4,12.4,.485,16.5,32.2,.331,2015
Georgia State,35,25,10,.714,5.47,-2.03,,15,5,,12,1,,8,8,,2499,2184,,64.3,109.8,.383,.278,.563,48.9,53.1,14.1,13.5,.527,14.2,30.0,.277,2015
Gonzaga,38,35,3,.921,21.12,5.12,,17,1,,15,1,,11,1,,2989,2343,,65.2,120.3,.387,.317,.606,55.5,57.2,9.1,8.4,.584,13.9,34.1,.267,2015
Hampton,35,17,18,.486,-8.25,-7.08,,8,8,,6,5,,5,12,,2346,2387,,69.5,96.1,.438,.326,.496,50.1,46.7,9.6,10.5,.456,17.3,31.8,.286,2015
Harvard,30,22,8,.733,4.47,-0.25,,12,3,,12,2,,9,4,,1926,1727,,61.2,103.2,.393,.266,.524,52.5,57.2,11.4,13.1,.481,16.0,32.7,.283,2015
Indiana,34,20,14,.588,12.94,7.20,,9,9,,15,4,,3,6,,2633,2438,,66.9,115.3,.327,.395,.573,52.2,51.2,7.4,7.8,.544,14.6,35.2,.235,2015
Iowa,34,22,12,.647,15.83,8.39,,12,6,,14,4,,7,4,,2372,2119,,64.5,107.4,.380,.302,.527,52.9,58.7,9.9,13.1,.481,14.4,35.6,.282,2015
Iowa State,34,25,9,.735,17.94,9.15,,12,6,,15,1,,6,5,,2645,2346,,69.8,111.4,.365,.368,.571,50.5,58.1,9.2,9.7,.543,13.9,28.3,.254,2015
Kansas,36,27,9,.750,18.47,12.13,,13,5,,15,0,,5,6,,2561,2333,,66.7,106.3,.426,.284,.539,52.6,54.7,9.8,12.3,.494,16.3,34.9,.309,2015
Kentucky,39,38,1,.974,28.72,8.67,,18,0,,19,0,,10,0,,2900,2118,,63.7,115.5,.439,.271,.558,54.9,55.0,10.1,18.2,.515,13.6,39.5,.319,2015
Lafayette,33,20,13,.606,-3.37,-3.12,,9,9,,11,5,,9,7,,2426,2409,,64.8,112.9,.305,.356,.589,48.3,58.9,8.4,6.9,.557,15.1,28.4,.234,2015
Louisiana State,33,22,11,.667,11.39,5.63,,11,7,,13,4,,8,3,,2423,2233,,69.6,103.1,.335,.284,.533,51.5,57.8,10.2,14.0,.503,17.3,33.9,.229,2015
Louisville,36,27,9,.750,18.12,8.98,,12,6,,15,4,,7,3,,2483,2154,,65.5,104.5,.387,.314,.512,51.8,47.7,11.9,14.4,.477,14.4,34.7,.258,2015
Manhattan,33,19,14,.576,-1.34,-3.34,,13,7,,9,2,,5,9,,2300,2234,,68.2,100.7,.474,.366,.537,48.6,60.8,11.6,7.5,.494,18.3,30.9,.328,2015
Maryland,35,28,7,.800,13.32,7.63,,14,4,,18,1,,6,4,,2417,2218,,64.7,106.1,.445,.387,.562,51.1,48.1,7.4,11.9,.512,16.7,28.9,.336,2015
Michigan State,39,27,12,.692,17.46,10.00,,12,6,,12,4,,7,4,,2773,2482,,63.0,109.7,.327,.350,.550,53.9,63.7,8.0,12.6,.532,14.9,33.4,.207,2015
Mississippi,34,21,13,.618,11.39,7.01,,11,7,,9,7,,8,4,,2475,2326,,67.0,107.9,.361,.331,.527,51.8,53.1,9.8,11.3,.478,13.9,34.8,.279,2015
NC State,36,22,14,.611,14.11,9.72,,10,8,,14,6,,5,5,,2525,2367,,64.5,108.0,.354,.322,.526,52.3,46.4,5.9,13.1,.493,13.5,34.0,.243,2015
New Mexico State,34,23,11,.676,3.71,-3.67,,13,1,,15,2,,6,8,,2316,2033,,62.9,107.4,.441,.257,.548,54.9,50.2,10.2,9.2,.509,18.2,39.9,.306,2015
North Carolina,38,26,12,.684,20.63,11.76,,11,7,,10,5,,7,4,,2953,2616,,69.2,111.6,.353,.223,.548,55.2,60.1,9.5,11.3,.516,15.1,40.0,.247,2015
North Dakota State,33,23,10,.697,-1.72,-3.63,,12,4,,14,0,,5,8,,2141,2057,,61.9,103.7,.358,.350,.534,51.3,42.4,7.6,10.7,.501,14.0,25.6,.248,2015
North Florida,35,23,12,.657,-0.82,-5.94,,12,2,,12,2,,9,9,,2651,2385,,67.7,111.9,.391,.424,.585,50.7,56.4,9.0,9.9,.553,16.1,30.1,.283,2015
Northeastern,35,23,12,.657,2.03,-1.34,,12,6,,9,3,,8,7,,2397,2279,,63.5,106.7,.413,.305,.581,54.2,59.7,8.1,9.3,.545,19.0,30.1,.300,2015
Northern Iowa,35,31,4,.886,12.54,2.00,,16,2,,16,0,,9,3,,2281,1912,,57.4,111.9,.398,.399,.593,51.9,53.2,10.2,7.8,.559,15.9,27.0,.292,2015
Notre Dame,38,32,6,.842,19.23,7.02,,14,4,,17,2,,7,2,,2963,2499,,63.7,120.4,.367,.376,.612,49.8,54.9,10.4,9.1,.583,12.9,27.9,.272,2015
Ohio State,35,24,11,.686,19.68,7.37,,11,7,,18,2,,4,6,,2635,2204,,66.0,113.3,.347,.319,.567,51.5,55.4,11.4,14.6,.542,14.6,33.5,.236,2015
Oklahoma,35,24,11,.686,18.65,9.94,,12,6,,14,1,,5,6,,2501,2196,,67.4,105.2,.328,.338,.532,51.1,48.6,10.0,12.9,.493,15.1,31.5,.243,2015
Oklahoma State,32,18,14,.563,12.95,9.63,,8,10,,12,4,,3,8,,2160,2011,,64.6,103.6,.387,.388,.547,48.6,49.9,12.1,13.7,.507,16.6,27.8,.281,2015
Oregon,36,26,10,.722,11.43,7.65,,13,5,,17,2,,6,4,,2713,2550,,68.0,109.3,.286,.339,.557,50.9,51.2,8.3,11.0,.524,14.7,30.8,.217,2015
Providence,34,22,12,.647,13.71,9.50,,11,7,,13,4,,5,6,,2370,2227,,65.7,105.4,.407,.289,.526,52.9,57.2,10.8,13.5,.484,15.3,35.1,.287,2015
Purdue,34,21,13,.618,12.93,7.64,,12,6,,14,3,,4,6,,2375,2195,,65.0,106.4,.417,.324,.539,53.5,61.1,8.3,13.6,.502,16.8,36.5,.285,2015
Robert Morris,35,20,15,.571,-3.02,-3.50,,12,6,,10,6,,8,8,,2414,2397,,66.7,102.6,.355,.306,.536,47.9,50.1,12.8,8.1,.501,17.2,31.0,.252,2015
San Diego State,36,27,9,.750,11.81,4.24,,14,4,,16,1,,6,5,,2226,1939,,60.8,100.7,.362,.308,.496,52.4,47.1,11.2,14.1,.467,15.4,35.4,.228,2015
Southern Methodist,34,27,7,.794,12.94,3.57,,15,3,,16,2,,8,4,,2350,2032,,63.3,108.8,.440,.229,.555,55.0,63.0,11.0,14.7,.517,16.8,37.1,.309,2015
St. John's (NY),33,21,12,.636,11.85,9.04,,10,8,,16,4,,4,6,,2343,2240,,67.6,104.6,.363,.301,.529,47.4,48.9,11.0,16.8,.494,13.7,28.4,.251,2015
Stephen F. Austin,34,29,5,.853,8.61,-4.20,,17,1,,15,1,,10,3,,2672,2188,,68.0,115.2,.427,.370,.594,54.2,65.4,11.2,10.0,.557,17.5,37.9,.314,2015
Texas,34,20,14,.588,16.16,9.07,,8,10,,13,5,,4,7,,2290,2049,,62.9,105.9,.365,.341,.531,56.0,55.5,5.9,20.0,.491,16.8,37.9,.265,2015
Texas Southern,35,22,13,.629,-5.98,-6.09,,16,2,,9,1,,10,11,,2390,2386,,64.5,103.6,.468,.312,.531,50.0,45.8,9.3,7.7,.495,16.8,33.8,.309,2015
UAB,36,20,16,.556,1.94,1.62,,12,6,,13,4,,3,8,,2476,2452,,65.9,101.5,.350,.297,.520,51.0,59.1,9.7,13.0,.477,16.8,34.2,.259,2015
UC Irvine,34,21,13,.618,3.63,0.45,,11,5,,10,3,,6,9,,2295,2113,,63.7,105.2,.292,.301,.544,51.2,56.2,8.9,12.6,.520,15.8,30.2,.200,2015
UCLA,36,22,14,.611,12.07,8.27,,11,7,,16,1,,2,8,,2590,2453,,67.3,106.1,.357,.289,.527,52.6,53.5,9.8,11.0,.496,14.9,33.8,.242,2015
Utah,35,26,9,.743,20.98,7.42,,13,5,,16,1,,6,5,,2496,1999,,62.6,113.5,.432,.372,.588,53.7,57.6,9.5,13.5,.557,16.1,31.6,.303,2015
Valparaiso,34,28,6,.824,6.29,-2.00,,13,3,,15,1,,8,4,,2366,2021,,63.8,108.6,.368,.338,.548,55.1,52.9,9.3,14.1,.520,16.4,35.6,.248,2015
Villanova,36,33,3,.917,23.13,7.55,,16,2,,15,0,,9,2,,2754,2193,,65.0,116.9,.418,.429,.589,51.5,62.2,11.8,11.0,.553,14.0,32.5,.305,2015
Virginia,34,30,4,.882,21.73,7.81,,16,2,,15,1,,11,1,,2224,1751,,58.6,110.8,.349,.275,.543,56.0,53.5,9.3,13.3,.506,13.4,34.2,.254,2015
Virginia Commonwealth,36,26,10,.722,12.79,6.10,,12,6,,12,4,,8,4,,2609,2368,,66.4,106.5,.373,.399,.518,49.2,50.9,14.0,12.5,.487,13.2,31.8,.245,2015
West Virginia,35,25,10,.714,15.12,9.29,,11,7,,12,3,,5,5,,2542,2338,,68.7,104.9,.404,.336,.499,52.1,56.7,15.5,8.7,.461,15.1,40.2,.267,2015
Wichita State,35,30,5,.857,15.56,3.68,,17,1,,15,0,,10,2,,2460,2008,,61.9,112.7,.370,.347,.541,53.6,55.3,11.5,11.3,.507,12.6,34.9,.259,2015
Wisconsin,40,36,4,.900,24.61,10.29,,16,2,,15,1,,10,2,,2900,2327,,59.5,121.2,.362,.374,.585,54.7,49.7,7.3,8.2,.548,10.7,32.1,.276,2015
Wofford,35,28,7,.800,2.56,-2.98,,16,2,,13,1,,10,5,,2331,2089,,62.7,106.2,.382,.331,.547,51.1,56.4,10.4,7.2,.516,15.1,29.1,.262,2015
Wyoming,35,25,10,.714,3.81,-0.04,,11,7,,17,2,,5,7,,2151,1974,,58.3,103.1,.394,.397,.560,49.9,67.1,9.2,8.9,.526,16.9,22.3,.277,2015
Xavier,37,23,14,.622,15.42,9.48,,9,9,,13,3,,5,7,,2712,2492,,65.6,109.8,.385,.331,.570,52.8,62.3,9.0,8.3,.534,15.8,31.3,.281,2015
Arizona,34,25,9,.735,18.79,7.23,,12,6,,17,1,,5,5,,2735,2342,,69.8,112.8,.438,.294,.575,56.5,51.3,6.8,11.3,.536,15.7,34.9,.316,2016
Austin Peay,36,18,18,.500,-6.04,-2.98,,7,9,,7,7,,7,9,,2740,2765,,70.5,106.4,.457,.315,.549,51.8,50.7,9.7,7.7,.516,16.8,33.0,.306,2016
Baylor,34,22,12,.647,16.13,9.76,,10,8,,15,5,,6,5,,2621,2366,,67.6,112.8,.375,.286,.555,55.6,64.6,11.6,11.2,.518,15.5,40.1,.272,2016
Buffalo,35,20,15,.571,1.34,0.90,,10,8,,10,5,,5,9,,2709,2634,,72.6,105.9,.414,.370,.540,51.7,48.2,9.4,9.2,.499,15.9,32.2,.294,2016
Butler,33,22,11,.667,16.46,7.55,,10,8,,13,3,,5,5,,2638,2344,,69.8,114.0,.393,.305,.564,52.3,51.0,9.8,8.9,.526,12.5,32.1,.287,2016
Cal State Bakersfield,33,24,9,.727,2.58,-5.15,,11,3,,14,1,,7,7,,2405,2104,,68.4,105.8,.374,.270,.527,52.8,59.0,11.6,14.2,.497,15.1,34.6,.245,2016
California,34,23,11,.676,15.39,7.87,,12,6,,18,0,,4,7,,2545,2289,,68.2,108.5,.417,.337,.550,54.5,48.3,5.9,10.9,.522,15.3,32.6,.274,2016
Chattanooga,35,29,6,.829,3.24,-3.46,,15,3,,13,1,,10,4,,2652,2364,,68.1,110.5,.413,.371,.565,52.3,56.2,11.3,13.1,.524,15.7,32.6,.304,2016
Cincinnati,33,22,11,.667,15.19,5.25,,12,6,,14,3,,6,6,,2418,2090,,65.5,108.9,.332,.366,.527,53.2,59.7,11.6,15.5,.493,13.7,36.6,.234,2016
Colorado,34,22,12,.647,12.04,7.64,,10,8,,16,1,,4,7,,2576,2407,,70.8,106.3,.398,.319,.534,55.7,53.3,7.3,11.6,.488,15.8,35.3,.293,2016
Connecticut,36,25,11,.694,15.89,6.28,,11,7,,14,3,,6,4,,2631,2285,,66.1,109.0,.296,.336,.555,51.1,51.8,8.7,14.0,.516,14.0,28.5,.235,2016
Dayton,33,25,8,.758,11.34,4.76,,14,4,,14,3,,8,2,,2393,2176,,68.6,104.5,.408,.350,.546,53.2,57.4,8.6,12.2,.516,16.3,28.7,.272,2016
Duke,36,25,11,.694,19.23,10.59,,11,7,,15,3,,5,4,,2920,2609,,68.4,117.7,.405,.398,.573,49.5,48.6,9.1,9.8,.537,12.2,33.0,.293,2016
FDU,33,18,15,.545,-10.90,-8.31,,11,7,,9,6,,9,8,,2558,2600,,72.4,105.8,.327,.324,.546,46.3,50.8,10.3,7.2,.517,15.3,28.6,.228,2016
Florida Gulf Coast,35,21,14,.600,-0.79,-3.82,,8,6,,16,4,,4,8,,2703,2473,,69.7,108.1,.369,.250,.546,53.5,47.9,9.2,10.3,.523,15.0,32.9,.238,2016
Fresno State,35,25,10,.714,5.27,2.24,,13,5,,16,2,,6,7,,2630,2475,,70.1,105.7,.379,.300,.524,50.4,50.3,11.9,11.8,.487,13.1,31.1,.263,2016
Gonzaga,36,28,8,.778,16.92,4.23,,15,3,,11,4,,9,2,,2840,2360,,68.1,115.4,.340,.355,.587,55.2,49.6,7.5,7.7,.553,14.7,32.3,.258,2016
Green Bay,36,23,13,.639,1.16,-0.67,,11,7,,11,3,,8,9,,3013,2880,,77.3,107.1,.429,.311,.533,48.7,47.8,12.7,11.1,.500,13.5,30.9,.282,2016
Hampton,32,21,11,.656,-8.74,-8.45,,13,3,,9,2,,8,7,,2363,2370,,71.7,101.0,.414,.345,.502,53.1,47.0,7.2,9.0,.464,15.7,34.6,.273,2016
Hawaii,34,28,6,.824,9.03,-1.04,,13,3,,16,3,,7,2,,2620,2267,,71.6,107.3,.449,.379,.555,53.0,58.8,10.5,10.0,.520,15.8,31.1,.307,2016
Holy Cross,35,15,20,.429,-11.20,-6.11,,5,13,,8,6,,5,13,,2267,2445,,64.6,98.4,.361,.409,.515,45.6,61.9,9.5,7.8,.479,14.9,23.1,.248,2016
Indiana,35,27,8,.771,19.59,6.90,,15,3,,17,0,,6,4,,2891,2447,,69.1,119.2,.338,.409,.612,54.9,54.8,9.9,9.8,.587,16.7,37.0,.248,2016
Iona,33,22,11,.667,3.59,-1.78,,16,4,,11,2,,8,6,,2628,2451,,72.5,109.5,.324,.440,.566,49.7,60.0,10.3,10.6,.538,15.4,29.2,.230,2016
Iowa,33,22,11,.667,17.01,8.71,,12,6,,13,2,,6,5,,2561,2287,,69.1,111.5,.330,.355,.546,50.6,57.7,9.7,12.5,.513,12.6,31.8,.237,2016
Iowa State,35,23,12,.657,16.93,10.16,,10,8,,14,2,,4,7,,2862,2625,,71.5,113.1,.261,.351,.590,49.7,53.1,8.6,9.8,.571,14.1,26.1,.183,2016
Kansas,38,33,5,.868,23.87,11.22,,15,3,,16,0,,7,3,,3089,2570,,69.7,115.1,.382,.330,.592,53.9,55.3,9.4,10.7,.564,15.5,32.3,.272,2016
Kentucky,36,27,9,.750,20.23,8.84,,13,5,,17,0,,4,7,,2861,2451,,68.1,115.6,.378,.310,.564,53.6,49.8,8.3,14.1,.535,13.3,37.3,.261,2016
Little Rock,35,30,5,.857,7.12,-1.76,,17,3,,14,0,,12,4,,2487,2129,,64.5,109.1,.315,.354,.553,50.1,50.9,10.1,9.6,.520,13.6,27.9,.229,2016
Maryland,36,27,9,.750,16.71,8.31,,12,6,,16,1,,4,6,,2725,2400,,67.3,112.1,.384,.381,.594,51.9,51.7,8.6,13.9,.555,16.6,28.6,.295,2016
Miami (FL),35,27,8,.771,18.52,10.69,,13,5,,15,1,,6,5,,2633,2359,,66.2,113.3,.407,.339,.582,51.7,48.3,9.3,9.1,.542,14.5,29.9,.305,2016
Michigan,36,23,13,.639,13.75,7.92,,10,8,,13,4,,4,6,,2656,2426,,65.7,111.9,.278,.440,.573,49.2,56.7,8.5,6.4,.546,13.1,24.7,.205,2016
Michigan State,35,29,6,.829,22.59,6.94,,13,5,,14,2,,7,3,,2793,2245,,66.8,118.6,.300,.356,.588,58.0,71.3,6.6,12.9,.563,14.6,37.0,.218,2016
Middle Tennessee,35,25,10,.714,2.66,-0.70,,13,5,,11,3,,8,5,,2539,2410,,69.1,104.7,.355,.354,.537,51.4,50.1,8.9,9.9,.518,15.0,29.1,.218,2016
North Carolina,40,33,7,.825,23.44,10.69,,14,4,,15,1,,6,5,,3311,2801,,70.2,118.0,.323,.268,.561,55.9,57.3,9.6,11.5,.526,12.7,40.3,.241,2016
Northern Iowa,36,23,13,.639,8.78,4.44,,11,7,,11,3,,6,8,,2475,2303,,64.1,106.2,.340,.427,.572,46.8,50.5,8.8,7.7,.535,14.2,17.6,.257,2016
Notre Dame,36,24,12,.667,14.10,9.57,,11,7,,14,2,,5,5,,2704,2541,,65.0,115.2,.329,.343,.573,51.1,49.4,8.4,10.1,.540,13.2,32.3,.244,2016
Oklahoma,37,29,8,.784,19.76,11.14,,12,6,,14,1,,7,5,,2948,2629,,71.0,111.0,.330,.407,.573,51.4,52.8,9.3,12.6,.543,15.8,31.0,.238,2016
Oregon,38,31,7,.816,18.05,8.64,,14,4,,18,0,,5,5,,2990,2614,,69.5,112.8,.406,.340,.562,52.4,49.7,10.4,15.3,.525,13.9,34.2,.291,2016
Oregon State,32,19,13,.594,10.39,9.26,,9,9,,12,3,,4,7,,2301,2244,,68.4,105.1,.373,.319,.530,48.3,53.3,10.8,9.7,.499,14.3,29.2,.250,2016
Pittsburgh,33,21,12,.636,15.47,8.75,,9,9,,15,4,,3,6,,2476,2220,,66.4,112.2,.357,.307,.551,55.2,62.3,7.3,10.0,.511,14.6,36.9,.269,2016
Providence,35,24,11,.686,11.94,8.46,,10,8,,13,4,,7,4,,2577,2455,,69.8,104.4,.373,.371,.523,49.4,62.4,9.3,8.9,.480,13.9,30.3,.270,2016
Purdue,35,26,9,.743,20.17,7.46,,12,6,,17,1,,5,5,,2726,2281,,67.8,113.7,.354,.358,.571,57.3,64.1,6.1,11.7,.536,14.9,34.9,.263,2016
Saint Joseph's,36,28,8,.778,12.10,4.93,,13,5,,12,4,,10,2,,2780,2522,,70.1,109.7,.374,.356,.548,51.9,54.7,7.3,9.2,.512,12.3,28.2,.268,2016
Seton Hall,34,25,9,.735,14.66,8.28,,12,6,,13,3,,7,4,,2522,2305,,70.7,104.5,.404,.297,.529,52.4,51.0,10.4,11.4,.498,16.4,34.7,.266,2016
South Dakota State,34,26,8,.765,5.44,-1.22,,12,4,,12,0,,8,7,,2591,2316,,68.8,110.8,.402,.367,.558,53.7,43.4,7.2,6.6,.515,14.7,32.5,.298,2016
Southern,35,22,13,.629,-7.68,-9.37,,11,7,,12,1,,6,10,,2534,2406,,69.5,104.2,.369,.298,.527,49.0,41.9,10.6,9.7,.496,14.0,28.9,.247,2016
Southern California,34,21,13,.618,13.52,7.64,,9,9,,16,2,,3,7,,2737,2537,,72.5,109.4,.351,.322,.549,51.1,51.3,8.6,12.5,.522,14.3,32.1,.237,2016
Stephen F. Austin,34,28,6,.824,9.23,-5.47,,18,0,,14,0,,9,4,,2728,2153,,69.6,115.2,.345,.365,.577,51.9,65.3,13.1,10.2,.545,14.8,34.6,.253,2016
Stony Brook,33,26,7,.788,3.75,-5.28,,14,2,,15,1,,11,5,,2515,2115,,67.8,112.0,.320,.300,.548,55.4,58.0,9.1,12.1,.524,14.2,36.0,.215,2016
Syracuse,37,23,14,.622,14.62,9.75,,9,9,,13,4,,3,8,,2589,2409,,64.9,106.7,.354,.421,.533,49.3,55.8,12.4,12.6,.501,15.3,33.4,.243,2016
Temple,33,21,12,.636,7.69,6.57,,14,4,,11,3,,8,4,,2267,2230,,65.8,102.4,.266,.375,.498,49.3,54.1,7.8,7.8,.470,11.8,29.1,.182,2016
Texas,33,20,13,.606,14.80,11.71,,11,7,,14,3,,5,5,,2355,2253,,66.8,106.1,.394,.361,.526,49.1,46.3,7.5,11.6,.494,13.2,30.7,.263,2016
Texas A&M,37,28,9,.757,18.45,8.45,,13,5,,17,1,,5,5,,2828,2458,,68.6,109.9,.381,.373,.542,53.0,61.8,10.1,10.5,.512,14.3,34.6,.256,2016
Texas Tech,32,19,13,.594,12.41,10.25,,9,9,,14,3,,3,7,,2305,2236,,66.7,106.7,.422,.304,.547,50.1,53.2,8.8,11.8,.500,15.5,31.2,.314,2016
Tulsa,32,20,12,.625,9.79,5.76,,12,6,,12,3,,6,5,,2356,2227,,68.8,106.1,.395,.363,.536,48.7,53.0,9.7,7.7,.503,13.6,27.8,.268,2016
UNC Asheville,34,22,12,.647,1.10,-3.25,,12,6,,11,3,,6,7,,2552,2313,,70.4,105.8,.410,.306,.541,51.5,47.0,12.9,9.0,.505,15.9,31.9,.284,2016
UNC Wilmington,33,25,8,.758,6.25,0.35,,14,4,,12,2,,8,5,,2620,2379,,71.3,110.0,.373,.332,.546,50.6,47.2,10.3,11.2,.512,13.5,32.2,.262,2016
Utah,36,27,9,.750,15.50,8.79,,13,5,,16,1,,5,5,,2778,2502,,67.7,112.5,.382,.373,.588,53.2,57.0,8.1,9.9,.557,16.0,30.2,.276,2016
Vanderbilt,33,19,14,.576,17.20,8.68,,11,7,,14,2,,3,9,,2506,2225,,69.2,109.0,.398,.380,.561,50.8,56.8,6.0,12.9,.529,14.7,27.2,.276,2016
Villanova,40,35,5,.875,24.08,9.71,,16,2,,15,1,,10,2,,3118,2543,,67.3,115.5,.341,.427,.597,51.2,58.7,10.4,9.7,.561,14.4,28.0,.267,2016
Virginia,37,29,8,.784,22.04,11.12,,13,5,,15,0,,5,6,,2626,2222,,61.5,115.0,.321,.284,.580,53.2,57.2,8.7,10.2,.548,13.2,29.8,.241,2016
Virginia Commonwealth,36,25,11,.694,13.83,4.35,,14,4,,15,2,,7,4,,2781,2440,,69.8,110.0,.322,.333,.539,52.0,51.0,12.2,9.8,.510,13.6,33.2,.223,2016
Weber State,35,26,9,.743,0.18,-5.13,,15,3,,13,1,,6,7,,2662,2344,,68.6,109.4,.436,.416,.585,52.6,52.5,7.2,7.7,.559,16.9,26.5,.294,2016
West Virginia,35,26,9,.743,21.61,9.78,,13,5,,13,2,,7,4,,2749,2335,,70.7,110.3,.462,.306,.536,56.1,54.1,13.8,8.5,.498,16.3,41.9,.311,2016
Wichita State,35,26,9,.743,17.39,4.24,,16,2,,14,1,,9,3,,2535,2066,,66.1,108.8,.380,.381,.531,53.1,56.4,10.9,11.6,.490,12.7,31.7,.272,2016
Wisconsin,35,22,13,.629,13.40,9.40,,12,6,,13,5,,6,5,,2373,2233,,64.1,105.1,.380,.342,.524,52.3,49.0,9.1,8.6,.485,14.6,33.0,.267,2016
Xavier,34,28,6,.824,18.58,8.43,,14,4,,15,1,,8,3,,2737,2392,,72.4,111.2,.417,.342,.556,54.9,59.1,10.0,8.4,.514,14.8,35.2,.305,2016
Yale,30,23,7,.767,9.08,-1.03,,13,1,,12,0,,9,6,,2248,1914,,66.9,111.5,.413,.309,.555,57.8,56.9,8.4,12.6,.526,16.4,39.4,.276,2016
Arizona,37,32,5,.865,18.25,7.63,,16,2,,15,1,,9,1,,2833,2440,,67.3,113.8,.405,.305,.580,55.1,51.3,8.1,8.8,.537,14.5,33.1,.310,2017
Arkansas,36,26,10,.722,14.04,8.60,,12,6,,15,3,,6,5,,2855,2659,,71.7,110.7,.381,.295,.558,49.5,49.8,10.8,12.4,.514,14.3,31.7,.290,2017
Baylor,35,27,8,.771,19.75,11.87,,12,6,,15,2,,6,4,,2550,2228,,65.3,111.5,.338,.328,.562,56.5,59.1,7.9,13.0,.530,17.1,40.2,.244,2017
Bucknell,35,26,9,.743,5.89,-2.48,,15,3,,14,2,,9,6,,2669,2376,,70.7,107.9,.372,.384,.578,50.6,54.1,10.2,9.7,.553,16.8,26.7,.253,2017
Butler,34,25,9,.735,17.70,10.23,,12,6,,13,3,,7,4,,2595,2341,,67.3,112.6,.371,.376,.581,50.6,50.0,8.9,8.4,.546,13.4,27.1,.275,2017
Cincinnati,36,30,6,.833,18.43,5.49,,16,2,,18,0,,8,3,,2674,2208,,65.1,113.3,.325,.361,.547,53.3,57.5,11.1,13.9,.520,12.9,35.5,.223,2017
Creighton,35,25,10,.714,17.27,8.95,,10,8,,13,4,,7,4,,2864,2549,,72.9,112.3,.277,.358,.592,49.3,55.5,8.4,7.6,.576,15.2,24.8,.189,2017
Dayton,32,24,8,.750,12.98,4.27,,15,3,,15,1,,7,3,,2428,2126,,69.4,108.9,.436,.381,.571,49.7,61.0,11.2,11.9,.538,15.0,25.8,.301,2017
Duke,37,28,9,.757,21.56,10.91,,11,7,,15,1,,4,6,,2991,2597,,69.9,115.7,.393,.383,.588,51.9,47.5,8.7,10.9,.548,14.2,31.6,.299,2017
East Tennessee State,35,27,8,.771,7.31,-2.11,,14,4,,13,2,,8,5,,2782,2438,,71.4,110.2,.432,.352,.587,53.1,53.8,11.6,13.6,.555,18.0,31.3,.304,2017
Florida,36,27,9,.750,22.40,11.01,,14,4,,9,1,,8,4,,2804,2394,,70.1,110.0,.402,.366,.556,51.3,47.2,10.7,11.8,.516,14.6,31.8,.293,2017
Florida Gulf Coast,34,26,8,.765,2.26,-3.42,,12,2,,16,3,,10,3,,2701,2356,,69.3,113.8,.329,.315,.579,53.9,52.3,8.7,9.7,.554,15.3,33.9,.231,2017
Florida State,35,26,9,.743,18.87,8.87,,12,6,,18,0,,3,6,,2873,2523,,72.6,113.1,.384,.313,.566,52.7,49.3,10.2,13.7,.537,14.1,33.6,.265,2017
Gonzaga,39,37,2,.949,25.26,4.13,,17,1,,15,1,,9,0,,3222,2398,,70.9,116.5,.390,.329,.596,54.7,51.8,9.6,11.2,.567,14.2,29.8,.280,2017
Iona,35,22,13,.629,1.08,-2.47,,12,8,,8,4,,7,7,,2813,2689,,72.3,109.9,.310,.400,.569,48.2,55.3,9.3,7.7,.534,14.6,26.9,.238,2017
Iowa State,35,24,11,.686,20.51,11.94,,12,6,,12,3,,5,6,,2829,2529,,70.6,112.5,.276,.393,.572,47.7,53.6,10.8,8.9,.550,12.6,25.6,.194,2017
Jacksonville State,35,20,15,.571,-2.85,-3.24,,9,7,,5,5,,10,9,,2434,2378,,65.3,105.7,.346,.367,.559,52.7,57.5,6.8,10.8,.528,18.0,31.5,.247,2017
Kansas,36,31,5,.861,23.53,12.23,,16,2,,14,1,,10,1,,2995,2588,,71.4,115.4,.360,.359,.583,53.0,54.5,9.6,11.2,.561,15.1,33.9,.244,2017
Kansas State,35,21,14,.600,14.80,10.48,,8,10,,11,5,,5,6,,2523,2372,,67.5,106.4,.412,.363,.560,49.2,60.0,11.4,10.3,.527,16.8,29.5,.286,2017
Kent State,36,22,14,.611,0.88,-1.63,,10,8,,10,6,,7,5,,2772,2628,,70.7,107.0,.328,.349,.521,54.0,45.5,8.9,9.7,.484,14.9,38.7,.236,2017
Kentucky,38,32,6,.842,23.88,10.49,,16,2,,15,2,,7,3,,3225,2716,,74.3,113.8,.409,.316,.564,53.2,51.6,8.1,13.0,.529,13.4,33.2,.288,2017
Louisville,34,25,9,.735,22.47,11.15,,12,6,,16,1,,5,5,,2628,2243,,68.5,112.0,.340,.321,.543,54.1,48.4,9.7,15.2,.514,13.4,36.6,.233,2017
Marquette,32,19,13,.594,15.26,8.60,,10,8,,14,3,,4,6,,2631,2418,,71.1,115.2,.310,.415,.607,49.6,57.1,10.1,9.3,.576,15.5,27.0,.242,2017
Maryland,33,24,9,.727,12.79,8.29,,12,6,,13,5,,8,2,,2438,2246,,68.1,108.1,.398,.411,.557,50.3,57.1,8.0,11.9,.523,16.3,31.1,.278,2017
Miami (FL),33,21,12,.636,14.48,9.57,,10,8,,14,2,,4,6,,2278,2116,,64.7,106.3,.343,.326,.544,53.0,47.8,9.9,10.5,.510,16.6,33.4,.246,2017
Michigan,38,26,12,.684,18.80,10.17,,10,8,,15,3,,3,8,,2851,2523,,63.8,116.5,.301,.451,.601,47.9,52.6,9.0,7.4,.570,12.8,24.5,.234,2017
Michigan State,35,20,15,.571,13.67,10.50,,10,8,,14,2,,2,7,,2515,2404,,68.2,105.0,.335,.380,.563,52.6,65.3,6.3,11.9,.540,18.0,29.1,.224,2017
Middle Tennessee,36,31,5,.861,9.80,-0.48,,17,1,,13,2,,11,2,,2697,2299,,66.4,112.4,.304,.299,.567,53.9,54.4,10.1,8.3,.543,13.6,30.7,.212,2017
Minnesota,34,24,10,.706,14.56,8.82,,11,7,,17,3,,5,5,,2556,2361,,70.3,104.6,.396,.299,.528,50.5,57.2,7.9,15.9,.487,14.0,29.6,.281,2017
Mount St. Mary's,36,20,16,.556,-4.29,-3.51,,14,4,,11,4,,8,11,,2446,2474,,68.4,99.1,.324,.369,.536,44.5,46.0,9.0,9.6,.510,17.1,23.0,.218,2017
Nevada,35,28,7,.800,10.49,2.03,,14,4,,13,1,,8,4,,2792,2496,,70.9,112.1,.413,.402,.561,52.4,59.9,7.6,11.0,.525,13.4,30.3,.291,2017
New Mexico State,34,28,6,.824,4.66,-3.82,,11,3,,17,1,,8,4,,2678,2310,,70.0,112.1,.431,.382,.568,54.4,55.3,6.9,9.6,.531,16.5,36.7,.307,2017
New Orleans,32,20,12,.625,-4.10,-5.34,,13,5,,11,3,,7,8,,2331,2215,,69.5,103.2,.427,.250,.552,52.9,60.2,11.2,8.6,.513,20.2,36.7,.303,2017
North Carolina,40,33,7,.825,24.84,11.76,,14,4,,16,0,,6,5,,3377,2824,,72.6,116.0,.348,.303,.550,58.2,58.9,9.7,9.7,.519,13.4,41.3,.244,2017
North Carolina Central,34,25,9,.735,-3.18,-12.12,,13,3,,11,2,,11,6,,2542,2159,,68.8,108.7,.341,.380,.546,51.7,52.7,8.9,8.7,.517,14.8,32.9,.233,2017
North Dakota,32,22,10,.688,-1.83,-5.45,,14,4,,11,2,,7,6,,2578,2357,,72.9,108.8,.364,.305,.573,50.5,52.6,10.6,7.5,.542,15.7,26.8,.260,2017
Northern Kentucky,35,24,11,.686,-0.17,-2.84,,12,6,,12,2,,8,7,,2659,2507,,70.8,107.3,.363,.422,.557,53.1,52.4,8.1,7.1,.529,16.4,31.7,.247,2017
Northwestern,36,24,12,.667,14.02,8.43,,10,8,,14,4,,5,5,,2558,2357,,66.5,106.8,.305,.356,.534,50.6,59.3,7.9,13.2,.497,13.8,30.7,.228,2017
Notre Dame,36,26,10,.722,17.81,9.78,,12,6,,16,2,,5,4,,2783,2494,,67.7,113.8,.286,.406,.573,48.7,57.8,10.4,9.7,.536,12.3,27.3,.229,2017
Oklahoma State,33,20,13,.606,19.19,12.22,,9,9,,11,5,,7,5,,2828,2589,,72.7,117.8,.383,.357,.583,52.9,50.8,10.5,8.1,.539,15.1,38.1,.302,2017
Oregon,39,33,6,.846,20.80,8.38,,16,2,,17,0,,7,3,,3076,2565,,68.8,114.2,.347,.388,.582,52.9,56.3,9.4,17.2,.554,14.7,32.2,.247,2017
Princeton,30,23,7,.767,6.57,-1.84,,14,0,,10,1,,10,4,,2149,1843,,65.2,109.5,.242,.460,.562,50.0,55.2,10.2,9.5,.537,13.5,24.4,.179,2017
Providence,33,20,13,.606,11.24,7.84,,10,8,,15,3,,4,7,,2319,2207,,67.6,103.6,.381,.359,.547,49.1,58.6,9.7,8.1,.514,16.3,26.4,.263,2017
Purdue,35,27,8,.771,20.13,8.79,,14,4,,15,2,,6,4,,2790,2393,,70.0,112.6,.333,.383,.589,54.9,65.3,7.3,6.1,.557,16.1,30.7,.252,2017
Rhode Island,35,25,10,.714,12.88,4.62,,13,5,,13,3,,7,5,,2577,2288,,67.4,108.8,.392,.323,.538,51.8,51.0,9.6,15.7,.507,14.0,32.8,.262,2017
Saint Mary's,34,29,5,.853,16.75,2.19,,16,2,,15,2,,10,1,,2449,1954,,61.3,117.6,.278,.414,.602,57.2,63.1,6.9,8.5,.578,15.2,33.0,.207,2017
Seton Hall,33,21,12,.636,12.10,9.25,,10,8,,12,2,,4,6,,2417,2323,,69.0,104.9,.376,.307,.526,54.7,46.4,9.9,6.6,.499,16.4,35.7,.242,2017
South Carolina,37,26,11,.703,17.52,10.16,,12,6,,15,3,,6,5,,2707,2414,,69.9,102.9,.398,.334,.518,50.8,50.6,11.0,11.1,.477,15.5,33.5,.278,2017
South Dakota State,35,18,17,.514,-2.30,-0.66,,8,8,,11,2,,3,12,,2683,2697,,69.2,109.6,.404,.456,.581,50.7,52.1,7.4,7.2,.537,16.4,27.4,.311,2017
Southern California,36,26,10,.722,11.48,6.40,,10,8,,14,3,,6,5,,2816,2633,,70.1,111.2,.368,.366,.560,50.3,56.4,9.9,13.3,.522,13.7,30.9,.273,2017
Southern Methodist,35,30,5,.857,18.71,4.45,,17,1,,18,0,,8,3,,2599,2100,,63.7,116.6,.360,.365,.574,56.3,61.9,9.0,11.1,.547,14.3,37.1,.251,2017
Texas Southern,35,23,12,.657,-6.41,-7.81,,16,2,,10,0,,11,11,,2593,2544,,69.7,105.5,.442,.345,.531,48.4,47.5,10.2,7.3,.480,14.3,31.6,.325,2017
Troy,37,22,15,.595,-0.47,-3.36,,10,8,,10,4,,6,10,,2889,2667,,70.1,111.0,.393,.403,.565,51.8,49.3,8.5,9.8,.528,15.3,31.6,.285,2017
UC Davis,36,23,13,.639,-5.21,-4.68,,11,5,,11,0,,6,9,,2525,2506,,70.2,98.9,.412,.316,.526,50.8,52.8,7.9,9.0,.490,17.6,28.9,.278,2017
UCLA,36,31,5,.861,20.67,6.39,,15,3,,16,1,,8,2,,3233,2719,,74.2,121.0,.268,.376,.618,52.4,63.7,7.9,12.5,.598,13.4,28.9,.198,2017
UNC Wilmington,35,29,6,.829,8.06,-0.55,,15,3,,13,1,,11,3,,2967,2624,,71.5,118.1,.317,.411,.578,51.6,52.7,9.3,8.2,.555,12.4,32.8,.219,2017
Vanderbilt,35,19,16,.543,13.69,10.72,,10,8,,11,5,,5,6,,2489,2385,,67.1,105.5,.348,.486,.563,50.0,55.2,6.2,9.8,.521,16.3,24.7,.271,2017
Vermont,35,29,6,.829,6.67,-3.27,,16,0,,16,1,,11,3,,2571,2174,,65.4,112.3,.341,.325,.580,52.8,50.5,8.7,11.4,.554,15.0,30.3,.239,2017
Villanova,36,32,4,.889,23.80,9.28,,15,3,,14,1,,9,2,,2779,2256,,65.6,117.6,.350,.433,.612,53.0,52.3,11.0,9.0,.575,15.0,30.0,.276,2017
Virginia,34,23,11,.676,20.63,10.93,,11,7,,12,4,,7,5,,2246,1916,,60.3,107.9,.260,.330,.548,52.3,56.4,9.1,13.9,.524,13.7,28.2,.184,2017
Virginia Commonwealth,35,26,9,.743,11.57,3.77,,14,4,,15,1,,7,4,,2616,2343,,69.0,106.8,.364,.294,.544,51.8,55.6,10.7,10.6,.510,15.3,31.2,.257,2017
Virginia Tech,33,22,11,.667,12.77,8.38,,10,8,,15,2,,4,6,,2610,2465,,69.8,112.5,.409,.397,.603,48.2,56.0,5.6,7.0,.569,15.5,23.4,.301,2017
Wake Forest,33,19,14,.576,14.19,9.80,,9,9,,11,3,,5,8,,2733,2588,,71.7,115.5,.407,.357,.586,51.9,55.5,7.7,10.1,.541,14.3,30.7,.317,2017
West Virginia,37,28,9,.757,24.45,9.67,,12,6,,16,2,,6,4,,3014,2467,,71.4,112.2,.389,.325,.545,52.1,57.3,13.8,14.2,.513,14.1,37.7,.266,2017
Wichita State,36,31,5,.861,21.24,2.96,,17,1,,16,1,,9,1,,2916,2246,,69.4,116.7,.401,.364,.579,56.1,59.1,9.4,11.4,.543,13.9,34.3,.294,2017
Winthrop,33,26,7,.788,1.34,-6.12,,15,3,,13,3,,12,3,,2615,2322,,71.5,108.3,.370,.429,.568,50.3,47.5,8.9,13.1,.535,15.7,27.1,.266,2017
Wisconsin,37,27,10,.730,19.40,9.40,,12,6,,15,2,,5,5,,2678,2308,,64.5,110.7,.329,.369,.542,54.7,51.9,10.3,9.8,.521,14.3,35.7,.212,2017
Xavier,38,24,14,.632,14.80,11.51,,9,9,,12,4,,4,8,,2836,2711,,68.2,109.1,.411,.361,.552,54.4,57.1,8.8,7.7,.519,15.7,34.5,.283,2017
Alabama,36,20,16,.556,12.34,10.64,,8,10,,12,4,,2,8,,2604,2543,,70.2,103.0,.419,.355,.550,50.3,50.3,9.0,14.7,.519,17.8,29.4,.281,2018
Arizona,35,27,8,.771,15.67,6.84,,14,4,,15,1,,8,3,,2818,2509,,68.6,115.6,.370,.321,.598,55.6,52.6,7.1,12.0,.563,15.3,33.3,.281,2018
Arizona State,32,20,12,.625,14.37,6.55,,8,10,,13,4,,4,6,,2645,2395,,72.2,113.5,.413,.413,.576,49.0,51.6,9.0,9.9,.538,13.0,27.9,.303,2018
Arkansas,35,23,12,.657,14.76,9.85,,10,8,,15,2,,3,7,,2819,2647,,71.3,111.8,.374,.321,.565,48.9,49.9,8.6,13.8,.538,13.2,28.7,.255,2018
Auburn,34,26,8,.765,15.97,7.29,,13,5,,15,1,,7,4,,2783,2488,,73.4,111.5,.398,.432,.557,51.7,53.1,10.1,15.2,.508,14.1,32.0,.308,2018
Bucknell,35,25,10,.714,4.49,-3.46,,16,2,,15,1,,10,8,,2837,2559,,72.4,110.3,.425,.392,.576,50.8,52.3,7.5,10.4,.539,15.1,27.0,.306,2018
Buffalo,36,27,9,.750,7.99,0.25,,15,3,,14,1,,8,5,,3047,2742,,73.9,113.4,.298,.406,.572,51.4,54.0,8.4,10.1,.549,14.3,31.8,.208,2018
Butler,35,21,14,.600,16.92,10.55,,9,9,,14,3,,3,7,,2763,2540,,69.6,111.0,.261,.374,.570,51.3,47.9,9.3,8.2,.540,13.9,27.4,.202,2018
Cal State Fullerton,32,20,12,.625,-0.93,-1.03,,10,6,,9,4,,7,7,,2318,2245,,69.9,102.8,.433,.291,.559,51.1,50.1,8.9,8.6,.516,18.0,27.1,.316,2018
Cincinnati,36,31,5,.861,20.25,3.53,,16,2,,15,1,,9,2,,2673,2071,,66.1,112.3,.360,.353,.543,55.6,60.4,10.8,15.8,.512,14.1,38.5,.249,2018
Clemson,35,25,10,.714,17.16,9.25,,11,7,,15,1,,4,6,,2584,2307,,67.5,108.5,.335,.399,.566,51.7,51.5,8.3,13.3,.529,15.3,27.1,.253,2018
College of Charleston,34,26,8,.765,1.83,-3.29,,14,4,,14,0,,7,6,,2536,2331,,65.9,111.1,.367,.378,.567,49.6,44.2,7.8,9.8,.527,13.2,25.7,.277,2018
Creighton,33,21,12,.636,16.35,8.10,,10,8,,16,2,,4,7,,2756,2444,,72.8,113.8,.259,.450,.599,51.0,58.3,7.7,6.7,.575,13.9,22.5,.194,2018
Davidson,33,21,12,.636,11.02,2.57,,13,5,,11,1,,6,8,,2519,2240,,65.3,115.7,.246,.484,.602,50.8,61.3,7.1,6.1,.574,13.1,22.6,.196,2018
Duke,37,29,8,.784,24.43,9.70,,13,5,,15,1,,6,5,,3121,2576,,70.6,118.6,.346,.363,.586,55.5,57.6,10.5,12.4,.559,14.7,38.8,.246,2018
Florida,34,21,13,.618,16.66,10.08,,11,7,,12,5,,5,4,,2577,2353,,68.4,109.6,.326,.403,.540,48.5,49.8,10.1,12.7,.507,12.3,28.7,.234,2018
Florida State,35,23,12,.657,15.78,8.50,,9,9,,13,2,,4,7,,2806,2551,,72.2,109.5,.370,.368,.562,51.8,52.6,9.4,14.0,.532,15.4,32.0,.256,2018
Georgia State,35,24,11,.686,3.22,-2.78,,12,6,,11,3,,9,6,,2614,2356,,67.9,108.8,.303,.413,.562,47.7,48.6,10.7,15.1,.540,14.5,26.0,.205,2018
Gonzaga,37,32,5,.865,18.44,2.60,,17,1,,15,1,,10,1,,3091,2505,,69.7,118.2,.321,.394,.593,56.0,50.1,8.9,9.6,.570,13.9,32.9,.227,2018
Houston,35,27,8,.771,15.99,4.16,,14,4,,15,0,,6,5,,2685,2271,,68.5,112.0,.326,.372,.563,54.6,53.0,9.1,9.0,.533,14.9,33.6,.234,2018
Iona,34,20,14,.588,0.75,-2.19,,11,7,,8,3,,7,8,,2702,2602,,71.5,109.2,.302,.408,.569,47.2,56.6,9.3,7.6,.539,14.3,24.4,.223,2018
Kansas,39,31,8,.795,21.39,11.88,,13,5,,14,3,,8,3,,3174,2803,,70.2,115.5,.270,.412,.594,50.3,55.7,9.2,10.9,.575,14.6,29.3,.191,2018
Kansas State,37,25,12,.676,12.85,8.74,,10,8,,14,3,,6,5,,2630,2478,,66.6,106.4,.338,.368,.560,47.4,54.4,11.9,9.3,.525,15.3,25.8,.248,2018
Kentucky,37,26,11,.703,17.24,10.73,,10,8,,16,2,,4,6,,2840,2599,,69.8,109.6,.440,.258,.555,53.6,49.0,8.0,13.7,.518,15.8,35.5,.307,2018
Lipscomb,33,23,10,.697,-2.10,-3.80,,10,4,,13,2,,10,7,,2708,2564,,77.0,105.0,.405,.399,.557,52.2,56.0,8.4,8.0,.518,16.9,28.3,.291,2018
Long Island University,35,18,17,.514,-8.60,-8.19,,10,8,,12,4,,5,11,,2696,2674,,72.9,105.3,.382,.397,.555,51.0,47.3,7.6,7.6,.523,17.0,29.7,.266,2018
Loyola (IL),38,32,6,.842,10.37,1.80,,15,3,,14,1,,9,4,,2721,2377,,65.9,108.6,.319,.357,.602,51.3,59.7,9.6,6.8,.577,17.3,22.4,.231,2018
Marshall,36,25,11,.694,4.21,0.44,,12,6,,15,2,,6,8,,3017,2849,,76.3,108.7,.335,.453,.583,46.7,59.0,9.1,12.7,.548,15.5,22.5,.256,2018
Maryland-Baltimore County,36,25,11,.694,-2.02,-3.84,,12,4,,15,2,,9,7,,2630,2466,,69.2,105.6,.307,.450,.550,49.1,59.1,10.8,7.3,.531,15.5,26.8,.198,2018
Miami (FL),32,22,10,.688,12.83,6.96,,11,7,,11,3,,8,4,,2361,2173,,67.8,107.9,.291,.360,.551,50.6,48.5,9.6,11.0,.531,14.6,29.1,.192,2018
Michigan,41,33,8,.805,19.03,9.41,,13,5,,15,1,,6,5,,3019,2596,,65.7,111.0,.307,.433,.564,50.3,53.6,9.6,8.1,.545,12.4,25.4,.203,2018
Michigan State,35,30,5,.857,22.41,7.10,,16,2,,16,1,,8,1,,2807,2271,,68.1,117.3,.359,.363,.601,57.6,67.6,6.0,18.5,.569,16.4,37.0,.268,2018
Missouri,33,20,13,.606,13.81,9.19,,10,8,,13,3,,5,6,,2399,2246,,67.3,107.2,.390,.453,.573,53.2,55.8,7.6,11.3,.537,18.3,31.2,.286,2018
Montana,34,26,8,.765,6.29,-2.24,,16,2,,14,0,,8,6,,2625,2329,,69.9,108.8,.386,.272,.549,53.3,45.3,10.9,9.2,.513,15.0,33.3,.273,2018
Murray State,32,26,6,.813,6.87,-3.53,,16,2,,14,2,,10,3,,2515,2117,,68.1,115.3,.381,.399,.591,54.1,54.1,9.9,8.7,.558,15.3,33.0,.280,2018
NC State,33,21,12,.636,12.91,6.70,,11,7,,16,3,,4,5,,2682,2477,,72.1,112.3,.342,.344,.562,50.3,55.0,10.2,9.2,.534,14.3,33.4,.238,2018
Nevada,37,29,8,.784,14.44,4.93,,15,3,,14,1,,11,3,,3055,2703,,70.5,115.5,.363,.404,.582,49.4,57.0,8.7,10.9,.548,12.0,26.4,.269,2018
New Mexico State,34,28,6,.824,9.06,-1.10,,12,2,,14,1,,8,3,,2572,2183,,70.1,107.5,.287,.367,.538,56.0,49.9,7.9,8.6,.519,15.2,34.2,.184,2018
North Carolina,37,26,11,.703,20.07,11.78,,11,7,,12,3,,6,5,,3018,2711,,71.7,113.4,.280,.351,.551,56.4,61.0,8.0,11.1,.520,14.0,37.4,.208,2018
North Carolina Central,35,19,16,.543,-13.18,-12.31,,9,7,,12,2,,3,13,,2520,2425,,68.8,104.3,.290,.311,.538,53.4,57.4,7.4,9.4,.512,17.4,33.9,.199,2018
Ohio State,34,25,9,.735,17.67,9.02,,15,3,,16,2,,6,2,,2591,2297,,67.9,111.0,.311,.342,.570,53.6,52.5,9.0,11.3,.541,14.9,30.1,.227,2018
Oklahoma,32,18,14,.563,13.81,10.56,,8,10,,13,2,,2,9,,2718,2614,,76.5,109.8,.332,.405,.569,49.8,50.2,8.4,11.0,.535,15.2,28.4,.247,2018
Pennsylvania,33,24,9,.727,2.24,-3.16,,12,2,,11,3,,9,4,,2506,2274,,70.2,105.3,.334,.427,.555,51.0,56.9,8.2,7.0,.533,14.8,23.6,.220,2018
Providence,35,21,14,.600,11.12,10.23,,10,8,,13,4,,4,7,,2575,2544,,69.5,104.1,.386,.329,.534,49.6,53.9,9.6,9.8,.496,15.1,28.8,.272,2018
Purdue,37,30,7,.811,23.41,8.74,,15,3,,16,1,,8,2,,2974,2431,,68.1,117.7,.356,.401,.606,51.8,57.9,8.4,12.5,.577,14.0,27.8,.265,2018
Radford,36,23,13,.639,-2.62,-4.09,,12,6,,12,2,,7,10,,2422,2336,,63.4,104.3,.307,.397,.528,52.3,52.0,9.7,9.1,.494,16.1,33.7,.223,2018
Rhode Island,34,26,8,.765,11.81,4.61,,15,3,,15,1,,7,4,,2583,2338,,69.2,109.0,.301,.320,.539,50.0,54.5,10.5,9.5,.511,13.1,31.0,.209,2018
San Diego State,33,22,11,.667,12.23,3.91,,11,7,,13,2,,5,7,,2545,2240,,70.4,109.6,.357,.360,.553,53.7,54.1,8.9,9.4,.519,14.6,31.9,.255,2018
Seton Hall,34,22,12,.647,15.67,10.11,,10,8,,14,3,,5,6,,2701,2512,,71.1,111.0,.352,.330,.558,53.1,54.3,8.6,9.1,.529,15.2,34.2,.246,2018
South Dakota State,35,28,7,.800,6.84,-0.38,,13,1,,15,0,,8,5,,2958,2599,,72.3,115.7,.354,.432,.590,52.2,46.6,6.7,5.9,.554,12.3,24.8,.269,2018
St. Bonaventure,34,26,8,.765,8.87,2.61,,14,4,,13,1,,9,4,,2620,2407,,69.4,109.5,.405,.337,.561,50.5,53.4,10.0,10.8,.516,14.3,29.2,.305,2018
Stephen F. Austin,35,28,7,.800,2.66,-6.47,,14,4,,16,1,,9,5,,2819,2386,,73.8,109.2,.398,.316,.576,52.6,49.8,14.0,9.7,.544,18.1,33.5,.280,2018
Syracuse,37,23,14,.622,12.89,10.02,,8,10,,14,5,,4,6,,2466,2360,,64.2,102.4,.405,.328,.518,52.6,47.5,10.7,17.4,.469,16.2,34.6,.298,2018
Tennessee,35,26,9,.743,18.20,10.12,,13,5,,13,2,,8,4,,2584,2301,,67.1,109.3,.355,.357,.549,51.4,62.1,9.4,12.8,.508,15.2,33.3,.269,2018
Texas,34,19,15,.559,13.96,10.67,,8,10,,13,4,,3,7,,2450,2338,,66.9,103.9,.330,.381,.527,50.0,44.7,8.9,12.8,.500,14.6,29.5,.219,2018
Texas A&M,35,22,13,.629,15.30,10.62,,9,9,,13,3,,4,7,,2631,2467,,70.9,106.1,.320,.330,.538,54.3,55.1,7.7,15.3,.514,16.3,33.9,.212,2018
Texas Christian,33,21,12,.636,16.38,9.68,,9,9,,15,3,,3,7,,2708,2487,,70.0,115.1,.342,.352,.590,54.5,62.8,9.1,9.4,.566,15.4,34.1,.241,2018
Texas Southern,36,16,20,.444,-7.53,-5.53,,12,6,,8,2,,5,17,,2787,2859,,72.7,105.8,.429,.370,.548,48.5,47.4,7.9,9.3,.505,15.1,28.4,.311,2018
Texas Tech,37,27,10,.730,19.38,9.60,,11,7,,17,1,,4,6,,2759,2397,,68.3,108.4,.393,.335,.555,52.6,54.9,10.3,12.8,.520,15.4,32.9,.276,2018
UCLA,33,21,12,.636,12.07,6.86,,11,7,,14,2,,3,7,,2679,2507,,71.4,111.1,.355,.404,.569,51.8,53.4,7.6,10.3,.537,14.5,28.4,.256,2018
UNC Greensboro,35,27,8,.771,4.54,-3.87,,15,3,,16,1,,8,6,,2562,2189,,66.9,107.1,.265,.452,.548,55.0,52.7,11.2,12.4,.525,17.1,34.2,.185,2018
Villanova,40,36,4,.900,26.64,10.24,,14,4,,12,1,,9,3,,3463,2807,,70.1,122.3,.294,.475,.623,52.4,53.7,9.1,10.5,.595,13.3,29.3,.229,2018
Virginia,34,31,3,.912,22.20,9.05,,17,1,,16,1,,10,1,,2283,1836,,60.6,110.5,.245,.350,.555,51.2,54.0,11.2,12.3,.527,12.3,26.9,.184,2018
Virginia Tech,33,21,12,.636,14.35,6.71,,10,8,,14,4,,6,5,,2634,2382,,69.9,113.0,.365,.399,.602,48.8,58.2,8.2,6.6,.577,15.3,23.9,.259,2018
West Virginia,37,26,11,.703,19.89,9.38,,11,7,,14,3,,5,5,,2964,2575,,70.5,113.2,.313,.384,.543,52.5,54.2,11.5,15.9,.504,13.3,36.8,.240,2018
Wichita State,33,25,8,.758,16.58,5.46,,14,4,,13,3,,9,2,,2731,2364,,70.0,117.3,.348,.392,.583,57.1,63.7,6.6,11.1,.551,14.1,35.6,.257,2018
Wright State,35,25,10,.714,0.58,-3.64,,14,4,,14,2,,8,7,,2500,2307,,69.9,101.4,.358,.348,.529,51.8,52.7,9.4,6.5,.491,16.3,28.9,.256,2018
Xavier,35,29,6,.829,19.06,9.43,,15,3,,17,1,,9,2,,2953,2616,,72.3,115.5,.410,.358,.601,55.1,57.3,8.0,8.4,.559,15.2,30.2,.320,2018
Abilene Christian,34,27,7,.794,-1.91,-7.34,,14,4,,13,2,,10,4,,2502,2161,,67.2,108.7,.336,.345,.565,50.3,58.5,12.9,8.0,.535,15.5,28.8,.239,2019
Arizona State,34,23,11,.676,10.28,6.04,,12,6,,13,3,,6,5,,2638,2494,,72.5,105.4,.438,.355,.543,52.6,51.1,8.5,9.6,.506,16.1,31.3,.298,2019
Auburn,40,30,10,.750,20.84,10.92,,11,7,,15,2,,4,6,,3188,2750,,69.2,114.1,.312,.494,.569,49.2,52.1,13.2,15.6,.543,14.3,31.6,.221,2019
Baylor,34,20,14,.588,13.38,9.26,,10,8,,13,5,,5,6,,2442,2302,,66.5,107.6,.323,.408,.538,54.1,54.4,9.2,13.8,.512,16.4,37.6,.219,2019
Belmont,33,27,6,.818,9.12,-2.60,,16,2,,13,1,,12,3,,2868,2439,,74.2,116.2,.286,.440,.603,52.2,61.9,8.9,9.1,.580,13.7,25.1,.211,2019
Bradley,35,20,15,.571,-0.08,-0.90,,9,9,,10,6,,5,8,,2329,2285,,66.2,100.2,.359,.348,.531,50.7,52.1,8.0,11.6,.497,16.7,26.9,.248,2019
Buffalo,36,32,4,.889,15.56,2.62,,16,2,,14,0,,12,3,,3037,2550,,74.5,112.8,.327,.436,.561,52.4,55.3,9.8,10.1,.535,13.8,31.8,.225,2019
Cincinnati,35,28,7,.800,14.53,5.50,,14,4,,16,2,,7,4,,2510,2194,,65.0,109.5,.376,.333,.528,53.7,53.4,9.3,14.5,.490,13.3,36.9,.265,2019
Colgate,35,24,11,.686,1.23,-3.83,,13,5,,15,1,,9,9,,2648,2458,,67.8,110.3,.282,.409,.585,52.7,56.6,8.9,10.0,.559,16.8,29.1,.210,2019
Duke,38,32,6,.842,26.90,11.98,,14,4,,15,2,,7,2,,3143,2576,,73.2,112.6,.332,.373,.561,53.8,52.4,12.4,16.4,.536,14.8,35.3,.228,2019
FDU,35,21,14,.600,-6.09,-7.24,,12,6,,13,4,,7,9,,2620,2515,,68.7,107.5,.362,.347,.576,49.3,52.8,10.7,10.5,.544,17.3,28.8,.263,2019
Florida,36,20,16,.556,15.42,11.22,,9,9,,9,6,,5,6,,2440,2289,,64.7,103.7,.299,.433,.530,49.2,51.0,10.9,11.0,.498,15.4,30.6,.216,2019
Florida State,37,29,8,.784,17.99,10.26,,13,5,,15,1,,6,4,,2771,2485,,69.5,106.3,.358,.377,.545,53.2,49.5,10.2,12.7,.505,16.2,32.3,.267,2019
Gardner-Webb,35,23,12,.657,-2.61,-4.43,,11,6,,13,0,,8,9,,2718,2468,,68.5,110.9,.378,.366,.587,49.2,52.6,9.7,8.8,.558,15.0,24.5,.269,2019
Georgia State,34,24,10,.706,2.44,0.65,,13,5,,13,1,,7,7,,2598,2491,,71.3,107.1,.353,.436,.565,45.4,46.0,11.1,14.0,.543,14.5,23.1,.235,2019
Gonzaga,37,33,4,.892,27.79,5.01,,16,0,,17,0,,9,1,,3243,2400,,71.7,122.2,.353,.353,.620,54.7,56.8,10.5,13.9,.590,13.1,30.4,.269,2019
Houston,37,33,4,.892,18.91,4.61,,16,2,,19,1,,10,1,,2787,2258,,67.3,111.8,.316,.426,.550,54.9,55.8,9.6,13.4,.521,13.9,33.8,.222,2019
Iona,33,17,16,.515,-4.78,-5.50,,12,6,,8,3,,5,9,,2532,2508,,71.4,107.4,.368,.445,.568,48.0,50.4,9.5,7.7,.530,15.4,24.3,.275,2019
Iowa,35,23,12,.657,14.27,9.84,,10,10,,14,4,,4,6,,2740,2585,,70.2,110.4,.423,.390,.569,50.6,59.3,8.5,9.0,.527,15.1,29.5,.313,2019
Iowa State,35,23,12,.657,18.07,9.30,,9,9,,12,4,,5,6,,2692,2385,,68.2,112.7,.300,.396,.575,50.3,54.1,10.3,12.5,.548,13.9,28.4,.220,2019
Kansas,36,26,10,.722,18.35,12.79,,12,6,,16,0,,3,8,,2725,2525,,70.3,106.5,.325,.349,.555,52.1,48.3,9.5,10.9,.526,16.1,29.9,.229,2019
Kansas State,34,25,9,.735,15.39,9.18,,14,4,,13,2,,7,5,,2236,2025,,64.9,101.3,.306,.384,.520,50.9,57.6,11.6,7.7,.493,15.2,28.4,.204,2019
Kentucky,37,30,7,.811,21.43,10.29,,15,3,,17,1,,8,2,,2806,2394,,67.3,111.9,.419,.296,.571,56.9,51.2,8.8,13.4,.530,15.9,36.4,.310,2019
Liberty,36,29,7,.806,5.27,-3.88,,14,2,,16,1,,11,3,,2654,2209,,65.4,112.8,.265,.442,.596,51.5,55.2,9.5,8.1,.569,15.1,25.1,.205,2019
Louisiana State,35,28,7,.800,16.50,9.16,,16,2,,15,2,,9,1,,2815,2558,,70.6,111.1,.371,.342,.553,53.0,45.7,12.2,11.8,.512,15.1,36.2,.279,2019
Louisville,34,20,14,.588,17.28,11.04,,10,8,,14,4,,5,6,,2536,2324,,68.4,107.4,.349,.437,.553,52.4,53.6,6.3,7.9,.509,15.2,29.0,.271,2019
Marquette,34,24,10,.706,14.78,6.96,,12,6,,16,3,,6,4,,2629,2363,,70.7,108.2,.351,.417,.572,53.0,51.1,6.9,11.2,.535,16.9,29.1,.266,2019
Maryland,34,23,11,.676,16.01,10.09,,13,7,,15,3,,6,5,,2429,2228,,66.6,107.3,.328,.370,.550,56.0,52.1,6.5,13.4,.514,16.5,34.0,.244,2019
Michigan,37,30,7,.811,21.82,10.55,,15,5,,17,1,,7,4,,2575,2158,,65.4,106.5,.275,.399,.542,50.7,54.4,9.3,10.3,.516,12.3,23.9,.193,2019
Michigan State,39,32,7,.821,24.93,12.34,,16,4,,15,1,,8,4,,3025,2534,,68.1,113.1,.336,.378,.585,56.1,66.8,7.5,13.7,.552,16.0,33.2,.253,2019
Minnesota,36,22,14,.611,12.52,11.27,,9,11,,14,3,,2,9,,2543,2498,,67.9,103.7,.416,.296,.521,51.2,59.0,7.1,10.1,.482,14.6,30.9,.283,2019
Mississippi,33,20,13,.606,12.32,8.13,,10,8,,11,5,,6,5,,2485,2347,,69.2,108.4,.309,.399,.568,51.1,54.2,10.2,9.6,.531,16.0,30.1,.242,2019
Mississippi State,34,23,11,.676,15.96,9.07,,10,8,,14,3,,5,5,,2628,2394,,68.6,111.9,.326,.391,.574,52.8,51.4,11.7,14.0,.546,16.5,34.6,.234,2019
Montana,35,26,9,.743,1.50,-5.05,,16,4,,12,2,,9,5,,2665,2397,,68.6,110.6,.313,.385,.585,51.8,52.3,9.5,8.8,.564,15.4,26.6,.216,2019
Murray State,33,28,5,.848,8.96,-3.11,,16,2,,15,1,,10,3,,2727,2255,,71.8,115.0,.335,.364,.586,52.1,59.8,10.5,11.5,.557,14.7,31.3,.246,2019
Nevada,34,29,5,.853,16.00,2.68,,15,3,,15,0,,9,3,,2723,2270,,70.7,113.2,.408,.428,.570,51.8,53.9,8.8,11.2,.537,12.9,27.1,.289,2019
New Mexico State,35,30,5,.857,10.05,-2.38,,15,1,,16,1,,10,1,,2734,2259,,68.3,113.9,.341,.467,.562,57.2,53.4,8.2,8.1,.538,14.7,36.7,.231,2019
North Carolina,36,29,7,.806,23.94,11.35,,16,2,,14,2,,11,1,,3089,2636,,75.9,112.7,.302,.358,.560,56.6,60.6,9.2,9.5,.529,14.6,34.8,.224,2019
North Carolina Central,34,18,16,.529,-11.53,-11.24,,10,6,,10,2,,4,12,,2429,2266,,68.5,104.0,.334,.361,.545,54.8,60.2,8.9,7.5,.512,18.8,35.1,.239,2019
North Dakota State,35,19,16,.543,-4.01,-2.07,,9,7,,10,3,,4,9,,2556,2541,,66.8,108.5,.318,.472,.576,48.7,46.0,6.8,6.6,.540,14.2,20.6,.247,2019
Northeastern,34,23,11,.676,3.95,-0.70,,14,4,,11,2,,8,6,,2564,2406,,66.3,111.7,.343,.464,.597,49.7,54.5,9.2,6.0,.565,15.1,22.5,.258,2019
Northern Kentucky,35,26,9,.743,4.67,-2.39,,13,5,,17,1,,7,7,,2747,2410,,70.0,111.4,.354,.412,.574,53.2,60.5,8.8,11.5,.553,15.6,30.6,.236,2019
Ohio State,35,20,15,.571,13.89,11.00,,8,12,,12,6,,4,7,,2419,2318,,66.7,103.2,.337,.401,.540,50.9,58.9,8.8,7.0,.503,16.4,27.6,.247,2019
Oklahoma,34,20,14,.588,15.30,12.21,,7,11,,11,4,,5,7,,2423,2318,,69.3,102.4,.313,.331,.534,50.2,48.7,8.6,8.3,.504,15.0,25.6,.218,2019
Old Dominion,35,26,9,.743,3.74,-1.18,,13,5,,14,2,,8,4,,2298,2130,,65.6,100.1,.289,.373,.499,53.2,53.3,8.6,14.3,.471,15.0,31.8,.192,2019
Oregon,38,25,13,.658,13.95,6.13,,10,8,,13,4,,5,7,,2661,2364,,65.5,106.2,.294,.395,.549,51.1,52.3,11.6,14.6,.520,15.4,29.1,.212,2019
Prairie View A&M,35,22,13,.629,-7.29,-9.17,,17,1,,11,0,,9,12,,2627,2547,,72.5,103.5,.425,.341,.530,46.7,49.3,12.2,4.6,.493,15.2,29.8,.289,2019
Purdue,36,26,10,.722,21.40,11.99,,16,4,,15,0,,6,6,,2760,2421,,66.1,114.4,.299,.455,.563,53.7,53.6,9.1,12.6,.536,13.5,33.8,.215,2019
Saint Louis,36,23,13,.639,5.06,2.23,,10,8,,15,2,,4,8,,2399,2297,,67.0,99.4,.394,.329,.492,54.5,53.8,10.5,11.9,.467,16.0,35.7,.236,2019
Saint Mary's,34,22,12,.647,12.58,4.40,,11,5,,14,3,,5,5,,2463,2185,,64.3,112.2,.291,.352,.568,54.4,37.9,9.2,6.9,.538,14.1,30.8,.216,2019
Seton Hall,34,20,14,.588,10.25,8.34,,9,9,,11,4,,3,8,,2508,2443,,70.1,104.0,.345,.367,.533,50.0,51.7,9.7,11.2,.499,15.2,29.6,.243,2019
St. John's (NY),34,21,13,.618,7.88,5.50,,8,10,,13,4,,4,7,,2623,2542,,72.6,105.0,.295,.385,.548,45.8,50.0,12.1,9.8,.518,13.0,21.4,.212,2019
Syracuse,34,20,14,.588,13.73,10.09,,10,8,,13,6,,6,4,,2370,2246,,67.2,103.4,.368,.432,.529,48.4,50.5,12.1,16.8,.496,15.9,30.0,.252,2019
Temple,33,23,10,.697,8.17,4.93,,13,5,,13,2,,8,5,,2465,2358,,70.5,104.4,.325,.374,.534,48.2,54.5,12.0,6.2,.499,13.8,26.1,.236,2019
Tennessee,37,31,6,.838,21.55,10.16,,15,3,,18,0,,7,3,,3035,2580,,69.4,116.1,.333,.320,.587,52.3,59.7,8.5,15.2,.554,13.7,30.9,.251,2019
Texas Tech,38,31,7,.816,22.79,9.53,,14,4,,17,1,,6,3,,2765,2261,,67.6,106.9,.329,.360,.567,50.8,52.3,10.7,15.4,.535,15.8,26.3,.241,2019
UC Irvine,37,31,6,.838,5.70,-2.30,,15,1,,12,2,,13,2,,2675,2353,,66.2,107.8,.296,.325,.543,54.8,48.5,8.5,10.9,.516,15.2,34.0,.208,2019
UCF,33,24,9,.727,13.37,5.58,,13,5,,15,2,,5,5,,2385,2128,,67.3,107.1,.453,.356,.557,51.5,53.6,8.5,12.6,.529,15.5,29.0,.294,2019
Utah State,35,28,7,.800,11.98,0.89,,15,3,,14,1,,9,4,,2753,2349,,70.0,111.6,.367,.379,.575,56.2,62.4,8.7,12.2,.538,15.8,31.9,.274,2019
Vermont,34,27,7,.794,4.88,-4.18,,14,2,,16,2,,11,4,,2508,2143,,66.5,110.2,.359,.403,.568,53.2,46.2,8.3,11.9,.530,14.6,27.3,.269,2019
Villanova,36,26,10,.722,14.33,7.97,,13,5,,13,2,,5,7,,2654,2425,,65.0,112.2,.344,.535,.565,51.3,56.9,8.2,8.7,.532,14.2,30.1,.251,2019
Virginia,38,35,3,.921,25.46,10.15,,16,2,,15,1,,10,1,,2714,2132,,60.8,116.3,.291,.395,.580,53.9,55.9,9.0,13.0,.552,12.8,29.7,.216,2019
Virginia Commonwealth,33,25,8,.758,11.96,2.87,,16,2,,16,1,,8,4,,2344,2044,,69.0,102.1,.357,.412,.535,50.8,54.9,11.5,12.2,.501,17.3,31.0,.251,2019
Virginia Tech,35,26,9,.743,19.28,7.79,,12,6,,14,2,,5,5,,2574,2172,,64.4,113.3,.319,.437,.588,51.9,59.5,10.4,8.4,.556,15.2,29.2,.243,2019
Washington,36,27,9,.750,12.01,7.01,,15,3,,15,1,,7,4,,2511,2331,,67.4,103.2,.347,.399,.551,47.6,47.5,13.3,16.3,.521,17.4,28.8,.241,2019
Wisconsin,34,23,11,.676,17.90,11.01,,14,6,,12,3,,8,5,,2333,2099,,64.8,103.9,.273,.346,.531,49.8,49.2,7.9,11.0,.511,13.0,24.3,.177,2019
Wofford,35,30,5,.857,13.92,0.80,,18,0,,15,1,,11,3,,2879,2295,,68.5,119.2,.271,.436,.598,54.5,50.6,9.6,9.1,.580,13.5,32.5,.190,2019
Yale,30,22,8,.733,5.52,-1.24,,10,4,,11,2,,8,5,,2427,2202,,72.9,109.7,.307,.350,.584,52.9,56.3,8.0,11.2,.556,15.9,25.8,.227,2019
Abilene Christian,29,24,5,.828,6.27,-6.37,,13,2,,13,0,,5,4,,2196,1753,,72.0,105.2,.339,.367,.540,51.5,65.3,13.5,8.9,.512,16.2,31.3,.230,2021
Alabama,33,26,7,.788,19.58,10.01,,16,2,,12,1,,7,3,,2629,2313,,74.7,106.3,.288,.465,.544,51.7,50.2,11.3,10.6,.517,15.9,31.8,.204,2021
Appalachian State,29,17,12,.586,-5.84,-5.72,,7,8,,9,4,,4,7,,2039,1860,,66.8,103.1,.340,.437,.520,50.8,49.9,11.6,10.4,.478,14.9,29.8,.252,2021
Arkansas,32,25,7,.781,17.80,7.18,,13,4,,16,1,,5,4,,2604,2264,,75.1,108.0,.327,.339,.544,52.6,49.8,10.4,13.0,.508,14.7,31.3,.242,2021
Baylor,30,28,2,.933,24.83,7.40,,13,1,,11,0,,7,1,,2487,1964,,69.6,118.6,.265,.384,.586,53.2,55.3,12.7,10.3,.565,14.0,36.4,.188,2021
Brigham Young,27,20,7,.741,15.19,7.23,,10,3,,11,2,,7,2,,2109,1853,,70.2,109.8,.275,.394,.580,54.7,56.2,6.5,7.2,.556,16.4,28.6,.200,2021
Clemson,24,16,8,.667,12.49,9.49,,10,6,,11,1,,2,5,,1558,1486,,64.9,99.5,.232,.434,.530,49.9,56.8,9.3,9.2,.500,17.1,26.4,.178,2021
Cleveland State,27,19,8,.704,-5.12,-4.82,,16,4,,9,2,,8,5,,1914,1922,,67.6,102.6,.325,.343,.532,49.4,52.9,10.1,7.8,.505,16.2,30.5,.218,2021
Colgate,16,14,2,.875,13.66,-1.90,,11,1,,8,1,,6,0,,1363,1114,,72.7,116.3,.309,.365,.591,53.2,57.0,9.6,8.5,.566,13.0,27.6,.224,2021
Colorado,32,23,9,.719,18.88,9.57,,14,6,,11,1,,6,6,,2340,2042,,66.5,109.9,.295,.364,.565,53.2,52.7,7.8,7.8,.524,15.0,30.6,.241,2021
Connecticut,23,15,8,.652,15.77,8.59,,11,6,,7,3,,6,3,,1650,1485,,66.2,107.8,.290,.334,.522,53.6,49.3,9.3,14.6,.490,14.5,37.0,.210,2021
Creighton,31,22,9,.710,16.28,8.54,,14,6,,11,3,,7,4,,2355,2115,,69.6,108.3,.257,.436,.564,49.4,55.2,9.9,9.0,.550,14.0,24.3,.164,2021
Drake,31,26,5,.839,9.42,-0.48,,15,3,,14,1,,9,2,,2354,1999,,66.8,112.8,.239,.316,.563,53.7,46.6,10.4,8.4,.542,13.3,31.1,.170,2021
Drexel,20,12,8,.600,-0.97,-3.92,,4,5,,3,2,,4,5,,1407,1348,,66.0,106.5,.273,.355,.566,53.2,58.0,6.9,6.4,.533,17.1,28.4,.213,2021
Eastern Washington,24,16,8,.667,4.03,-3.15,,12,3,,7,2,,6,5,,1879,1690,,71.8,109.0,.302,.403,.576,50.7,54.7,6.7,7.4,.540,14.5,23.0,.239,2021
Florida,25,15,10,.600,13.70,9.82,,9,7,,6,3,,5,5,,1854,1757,,70.6,104.6,.339,.338,.567,51.5,44.2,10.2,14.1,.531,18.7,30.6,.255,2021
Florida State,25,18,7,.720,17.12,9.16,,11,4,,12,1,,3,4,,1929,1730,,70.0,109.1,.324,.349,.572,52.6,52.4,10.3,14.3,.540,17.6,33.7,.240,2021
Georgetown,26,13,13,.500,10.13,10.36,,7,9,,7,6,,2,6,,1857,1863,,70.4,101.0,.308,.389,.532,53.3,51.7,8.3,10.4,.494,18.5,31.9,.232,2021
Georgia Tech,26,17,9,.654,12.79,7.91,,11,6,,11,3,,4,5,,1948,1821,,67.9,107.8,.284,.364,.567,46.9,57.1,13.1,9.6,.540,14.4,24.3,.206,2021
Gonzaga,32,31,1,.969,27.20,5.92,,15,0,,12,0,,7,0,,2911,2230,,74.6,121.5,.358,.332,.633,55.0,55.7,10.6,6.9,.610,14.3,29.2,.261,2021
Grand Canyon,24,17,7,.708,5.11,-3.46,,9,3,,10,3,,5,1,,1812,1491,,68.2,110.7,.314,.358,.570,56.8,57.7,7.1,9.1,.547,16.2,32.4,.215,2021
Hartford,24,15,9,.625,-3.45,-4.95,,8,6,,10,1,,5,6,,1570,1534,,67.0,97.6,.286,.425,.530,48.7,47.0,10.3,6.6,.499,17.5,24.3,.205,2021
Houston,32,28,4,.875,21.66,5.37,,14,3,,15,0,,5,3,,2434,1863,,66.1,115.1,.303,.420,.542,56.2,52.2,12.1,14.7,.510,13.2,39.4,.222,2021
Illinois,31,24,7,.774,23.25,11.34,,16,4,,11,2,,9,3,,2497,2128,,71.2,111.7,.379,.299,.582,56.8,55.7,7.9,6.9,.556,15.8,32.0,.262,2021
Iona,18,12,6,.667,-1.20,-6.42,,6,3,,4,2,,4,3,,1283,1189,,69.9,102.0,.345,.377,.546,53.5,54.9,9.8,12.5,.507,19.3,32.2,.256,2021
Iowa,31,22,9,.710,21.40,10.43,,14,6,,14,2,,6,4,,2595,2255,,71.0,117.5,.320,.398,.574,51.8,64.4,7.8,11.6,.547,11.5,30.5,.228,2021
Kansas,30,21,9,.700,15.29,10.26,,12,6,,14,1,,4,6,,2191,2010,,69.7,104.3,.298,.367,.531,52.0,52.6,9.9,10.9,.499,14.8,30.5,.213,2021
Liberty,29,23,6,.793,4.06,-6.14,,11,2,,13,0,,5,3,,2157,1739,,64.9,114.6,.237,.474,.604,52.9,58.6,7.2,7.1,.580,13.9,23.4,.184,2021
Louisiana State,29,19,10,.655,15.70,9.14,,11,6,,11,2,,4,6,,2371,2181,,72.6,112.1,.340,.370,.560,50.4,42.0,10.6,8.2,.523,13.5,31.2,.255,2021
Loyola (IL),31,26,5,.839,15.12,1.37,,16,2,,13,0,,8,3,,2202,1738,,63.8,110.5,.322,.375,.592,54.2,60.9,10.8,7.0,.567,16.4,25.9,.231,2021
Maryland,31,17,14,.548,13.94,11.97,,9,11,,11,6,,4,6,,2135,2034,,65.9,104.4,.329,.433,.564,49.1,55.1,7.6,10.0,.538,15.3,20.2,.230,2021
Michigan,28,23,5,.821,22.00,11.25,,14,3,,13,1,,6,2,,2123,1822,,67.8,111.3,.304,.339,.581,54.7,57.5,6.3,10.1,.547,14.7,28.9,.233,2021
Michigan State,28,15,13,.536,9.80,11.48,,9,11,,12,3,,3,8,,1944,1991,,68.9,100.3,.313,.339,.518,52.2,63.7,6.4,12.3,.481,16.2,30.5,.228,2021
Missouri,26,16,10,.615,12.37,10.87,,8,8,,8,4,,6,4,,1909,1870,,70.4,103.3,.371,.379,.542,50.3,51.6,9.4,9.0,.508,16.4,28.3,.260,2021
Morehead State,31,23,8,.742,-0.95,-4.33,,17,3,,12,1,,8,5,,2132,1986,,67.1,101.6,.354,.351,.553,54.8,51.9,6.5,14.6,.525,19.8,31.7,.240,2021
Mount St. Mary's,23,12,11,.522,-5.67,-6.67,,9,7,,6,3,,6,6,,1454,1431,,63.8,98.0,.298,.367,.513,53.7,50.5,6.6,11.2,.486,17.3,30.8,.200,2021
Norfolk State,25,17,8,.680,-6.16,-8.51,,8,4,,7,4,,6,3,,1839,1742,,72.0,101.7,.370,.357,.530,49.6,47.9,9.0,10.3,.492,15.6,27.3,.261,2021
North Carolina,29,18,11,.621,14.79,9.52,,10,6,,10,1,,3,7,,2181,2028,,71.8,104.8,.342,.279,.514,56.8,55.3,9.8,12.8,.483,16.6,40.6,.228,2021
North Texas,28,18,10,.643,7.58,1.02,,9,5,,8,3,,5,6,,1954,1745,,65.2,106.1,.271,.377,.571,51.8,52.0,9.9,8.4,.544,17.4,28.1,.202,2021
Ohio,25,17,8,.680,5.48,-0.57,,9,5,,8,3,,4,4,,1980,1815,,71.6,110.6,.295,.390,.572,51.2,60.0,9.0,5.9,.548,14.8,28.2,.207,2021
Ohio State,31,21,10,.677,18.25,12.19,,12,8,,10,4,,7,4,,2392,2204,,67.6,112.7,.372,.392,.569,52.2,49.6,6.6,9.6,.529,13.5,29.2,.281,2021
Oklahoma,27,16,11,.593,13.52,8.86,,9,8,,10,3,,4,7,,2012,1886,,69.2,106.2,.293,.382,.542,49.7,49.7,10.2,9.8,.508,13.7,26.7,.218,2021
Oklahoma State,30,21,9,.700,13.65,9.78,,11,7,,10,3,,8,4,,2297,2181,,73.0,102.7,.376,.322,.547,51.5,47.2,10.0,11.3,.512,18.2,31.1,.267,2021
Oral Roberts,29,18,11,.621,1.73,-0.04,,10,5,,8,3,,5,7,,2352,2192,,73.6,109.7,.275,.471,.576,46.8,45.6,8.9,8.9,.539,13.9,22.9,.225,2021
Oregon,28,21,7,.750,16.15,9.65,,14,4,,11,2,,7,2,,2097,1915,,68.2,109.9,.260,.376,.565,50.8,49.9,10.9,10.7,.542,14.7,28.8,.185,2021
Oregon State,33,20,13,.606,11.48,10.82,,10,10,,10,6,,4,6,,2325,2232,,66.2,105.7,.349,.350,.541,50.5,59.8,8.7,10.5,.498,15.1,29.9,.265,2021
Purdue,28,18,10,.643,15.55,11.23,,13,6,,11,1,,5,6,,1989,1868,,66.5,105.8,.317,.378,.542,54.5,55.9,7.6,11.4,.510,16.0,32.6,.226,2021
Rutgers,28,16,12,.571,14.14,12.50,,10,10,,10,4,,4,6,,1939,1893,,68.3,101.0,.271,.334,.520,49.2,51.8,11.1,13.9,.501,14.7,27.3,.173,2021
San Diego State,28,23,5,.821,14.36,2.99,,14,3,,13,2,,6,2,,2062,1713,,66.9,109.5,.335,.408,.557,52.8,54.2,12.2,9.9,.526,14.4,29.0,.241,2021
Southern California,33,25,8,.758,20.50,10.65,,15,5,,13,2,,7,3,,2473,2148,,67.7,109.0,.363,.310,.551,54.4,50.7,6.9,12.9,.528,15.4,34.4,.235,2021
St. Bonaventure,21,16,5,.762,13.44,4.49,,11,4,,8,1,,4,3,,1471,1283,,65.3,107.3,.280,.319,.530,52.3,56.5,9.0,12.5,.498,14.0,32.7,.207,2021
Syracuse,28,18,10,.643,13.27,8.59,,9,7,,13,1,,2,7,,2095,1964,,69.3,107.5,.283,.403,.549,48.3,56.4,11.7,14.7,.512,14.3,28.8,.221,2021
Tennessee,27,18,9,.667,16.87,8.46,,10,7,,13,3,,4,4,,1941,1714,,68.7,104.6,.344,.346,.537,51.4,58.8,10.6,14.1,.496,15.7,31.3,.257,2021
Texas,27,19,8,.704,15.51,9.36,,11,6,,8,5,,6,2,,2008,1842,,69.5,105.5,.339,.421,.559,52.7,50.9,9.2,10.4,.529,18.0,30.9,.240,2021
Texas Southern,26,17,9,.654,-6.15,-9.03,,10,3,,8,2,,5,6,,1921,1806,,73.9,99.6,.379,.271,.521,53.4,45.2,9.4,12.1,.482,17.8,31.9,.265,2021
Texas Tech,29,18,11,.621,16.59,7.28,,9,8,,11,4,,5,4,,2103,1833,,67.1,107.1,.379,.313,.533,51.2,51.4,10.5,12.2,.494,13.7,32.8,.269,2021
UC Santa Barbara,27,22,5,.815,7.80,-2.08,,15,3,,11,0,,8,4,,2051,1696,,67.2,112.0,.340,.340,.575,54.2,59.3,10.9,7.5,.541,14.2,29.5,.256,2021
UCLA,32,22,10,.688,16.30,11.34,,13,6,,11,1,,5,6,,2349,2190,,65.4,108.4,.316,.316,.551,52.6,51.1,7.3,7.9,.520,13.6,29.2,.226,2021
UNC Greensboro,30,21,9,.700,3.48,-2.15,,13,5,,7,3,,10,3,,2189,2020,,70.5,103.1,.237,.390,.503,51.8,45.0,10.6,11.9,.479,13.1,31.4,.162,2021
Utah State,29,20,9,.690,10.99,1.32,,13,4,,10,2,,5,3,,2105,1808,,69.5,104.4,.299,.322,.532,57.3,60.7,9.6,14.9,.500,16.9,35.4,.216,2021
Villanova,25,18,7,.720,17.47,9.19,,11,4,,9,0,,4,4,,1870,1663,,65.7,113.3,.300,.448,.566,50.9,57.1,7.7,5.7,.532,12.1,27.5,.229,2021
Virginia,25,18,7,.720,15.27,7.59,,13,4,,10,1,,6,3,,1705,1513,,60.8,111.5,.217,.427,.583,51.7,54.8,8.0,13.4,.554,13.5,22.6,.177,2021
Virginia Commonwealth,26,19,7,.731,11.30,4.76,,10,4,,12,2,,5,3,,1864,1694,,70.5,101.2,.340,.349,.550,49.6,52.7,13.0,14.8,.509,18.3,28.0,.259,2021
Virginia Tech,22,15,7,.682,12.59,6.50,,9,4,,10,2,,3,3,,1585,1451,,66.4,106.7,.334,.410,.552,51.8,56.1,7.1,11.5,.523,15.1,27.8,.233,2021
West Virginia,29,19,10,.655,15.36,10.05,,11,6,,8,5,,7,2,,2243,2089,,70.6,108.2,.379,.331,.530,51.8,52.9,10.6,7.7,.489,14.1,35.5,.273,2021
Wichita State,22,16,6,.727,9.36,6.91,,11,2,,10,2,,5,2,,1572,1469,,68.6,103.0,.366,.402,.508,49.0,53.7,8.8,10.0,.472,13.7,30.2,.249,2021
Winthrop,25,23,2,.920,4.69,-7.15,,17,1,,11,1,,10,0,,1972,1676,,72.5,108.8,.356,.393,.555,56.1,53.8,10.3,6.5,.526,16.4,35.0,.245,2021
Wisconsin,31,18,13,.581,17.22,11.93,,10,10,,11,5,,5,6,,2167,2003,,65.8,105.4,.262,.409,.533,49.0,54.0,8.5,10.7,.499,12.1,23.6,.202,2021
Akron,34,24,10,.706,0.91,-3.93,,14,6,,12,3,,8,4,,2402,2130,,64.1,109.8,.390,.416,.563,53.0,47.9,9.1,9.2,.533,15.4,30.6,.268,2022
Alabama,33,19,14,.576,14.62,11.59,,9,9,,13,3,,3,7,,2623,2523,,73.2,108.1,.329,.476,.547,52.3,53.1,9.6,11.9,.513,16.7,35.3,.239,2022
Arizona,37,33,4,.892,22.75,6.84,,18,2,,17,0,,9,3,,3107,2518,,72.7,114.7,.349,.359,.587,55.0,65.0,9.2,13.4,.556,15.8,34.6,.258,2022
Arkansas,37,28,9,.757,16.27,8.62,,13,5,,17,1,,5,4,,2810,2527,,72.0,104.8,.372,.342,.533,52.0,52.7,10.5,11.7,.486,14.6,29.5,.282,2022
Auburn,34,28,6,.824,19.20,8.17,,15,3,,16,0,,8,3,,2660,2285,,71.3,108.1,.316,.398,.534,52.5,53.1,11.5,21.1,.499,14.2,33.6,.231,2022
Baylor,34,27,7,.794,21.73,8.76,,14,4,,15,2,,8,3,,2619,2178,,68.6,111.5,.290,.384,.553,53.4,56.3,12.7,9.7,.528,15.1,36.3,.202,2022
Boise State,35,27,8,.771,11.93,5.22,,15,3,,13,3,,9,3,,2389,2130,,64.9,104.1,.350,.388,.536,53.6,47.0,9.1,9.6,.512,15.9,30.6,.227,2022
Bryant,32,22,10,.688,-4.80,-7.41,,15,2,,14,1,,7,7,,2497,2348,,73.0,106.1,.322,.431,.538,51.8,50.5,8.8,10.1,.502,16.1,33.1,.236,2022
Cal State Fullerton,32,21,11,.656,-0.04,-2.28,,12,5,,11,2,,7,7,,2239,2129,,67.2,104.2,.351,.300,.539,51.1,45.5,10.8,5.7,.494,15.7,29.7,.269,2022
Chattanooga,35,27,8,.771,6.12,-0.94,,14,4,,12,3,,12,4,,2596,2253,,66.0,111.6,.266,.389,.560,53.7,47.0,10.8,6.4,.531,14.2,32.7,.198,2022
Colgate,35,23,12,.657,0.98,-6.37,,16,2,,15,1,,8,10,,2646,2349,,67.6,111.4,.262,.422,.579,51.9,62.0,9.0,9.3,.559,14.8,26.6,.182,2022
Colorado State,31,25,6,.806,11.51,4.77,,14,4,,14,1,,6,3,,2275,2047,,66.0,110.4,.296,.395,.583,49.8,53.8,9.6,9.8,.551,13.8,22.1,.229,2022
Connecticut,33,23,10,.697,16.40,6.88,,13,6,,14,2,,5,5,,2469,2155,,66.8,109.9,.305,.345,.534,55.1,52.6,8.7,16.6,.496,14.4,37.7,.230,2022
Creighton,35,23,12,.657,11.34,8.54,,12,7,,11,4,,6,5,,2422,2324,,68.1,100.5,.267,.381,.537,51.7,52.0,8.0,10.1,.506,17.9,28.4,.197,2022
Davidson,34,27,7,.794,10.43,1.92,,15,3,,13,1,,9,3,,2567,2244,,66.1,113.8,.316,.412,.591,52.3,54.8,7.0,8.2,.561,13.3,23.8,.238,2022
Delaware,35,22,13,.629,0.32,-1.82,,10,8,,9,5,,8,5,,2568,2456,,68.0,107.2,.339,.388,.570,49.2,48.4,9.7,9.8,.536,16.3,26.9,.252,2022
Duke,39,32,7,.821,19.55,7.26,,16,4,,15,3,,9,2,,3122,2643,,68.2,117.0,.286,.357,.583,52.8,55.4,9.3,13.4,.557,13.0,31.6,.211,2022
Georgia State,29,18,11,.621,-1.11,-1.34,,9,5,,8,4,,6,5,,2049,1906,,68.6,101.7,.295,.371,.498,50.7,54.2,12.7,12.8,.461,14.1,33.9,.213,2022
Gonzaga,32,28,4,.875,25.46,4.50,,13,1,,16,0,,5,1,,2790,2119,,73.8,118.1,.306,.353,.608,55.7,55.3,8.7,13.4,.587,13.9,29.1,.219,2022
Houston,38,32,6,.842,22.55,6.47,,15,3,,16,1,,7,3,,2844,2233,,65.0,113.9,.290,.389,.551,54.9,58.5,12.2,17.1,.531,14.1,37.7,.193,2022
Illinois,33,23,10,.697,16.69,9.48,,15,5,,13,3,,7,4,,2456,2218,,67.9,108.8,.320,.426,.554,53.8,58.1,7.6,7.1,.525,15.5,33.1,.226,2022
Indiana,35,21,14,.600,12.71,8.08,,9,11,,14,4,,3,8,,2478,2316,,67.9,103.2,.335,.311,.538,51.8,56.6,8.2,14.1,.506,15.2,27.0,.234,2022
Iowa,36,26,10,.722,18.90,6.87,,12,8,,15,3,,6,6,,2995,2562,,70.3,117.5,.300,.393,.564,51.0,53.9,10.4,11.3,.533,11.1,32.2,.225,2022
Iowa State,35,22,13,.629,12.38,9.33,,7,11,,14,5,,4,6,,2296,2189,,67.2,96.9,.271,.377,.517,49.3,60.4,12.6,9.8,.491,17.9,28.4,.185,2022
Jacksonville State,32,21,11,.656,-0.19,-3.79,,13,3,,11,4,,9,5,,2353,2151,,66.9,108.6,.308,.428,.571,52.9,54.7,9.2,8.8,.549,16.9,29.5,.212,2022
Kansas,40,34,6,.850,22.28,11.30,,14,4,,16,1,,6,4,,3129,2690,,69.5,111.5,.323,.331,.567,53.4,53.6,8.9,10.9,.538,14.9,32.9,.232,2022
Kentucky,34,26,8,.765,20.90,8.02,,14,4,,18,0,,6,5,,2701,2263,,69.2,114.0,.280,.279,.559,56.9,53.3,9.7,11.1,.531,14.0,37.7,.203,2022
Longwood,33,26,7,.788,-0.35,-6.11,,15,1,,16,1,,7,5,,2499,2170,,67.8,110.8,.345,.369,.556,54.8,53.2,11.4,7.7,.521,15.1,34.2,.251,2022
Louisiana State,34,22,12,.647,17.45,8.30,,9,9,,15,2,,3,8,,2467,2156,,70.4,102.3,.334,.348,.531,51.5,49.0,15.5,14.6,.493,17.7,33.9,.244,2022
Loyola (IL),33,25,8,.758,13.39,2.93,,13,5,,12,2,,8,3,,2403,2029,,65.7,109.2,.313,.431,.583,52.1,57.5,10.4,7.3,.558,16.4,25.1,.223,2022
Marquette,32,19,13,.594,11.36,8.96,,11,8,,13,3,,4,7,,2369,2292,,71.6,102.7,.262,.418,.550,46.9,59.3,10.8,12.9,.521,15.5,22.5,.194,2022
Memphis,33,22,11,.667,14.67,7.86,,13,5,,13,2,,5,6,,2480,2255,,71.0,105.8,.378,.304,.555,54.3,58.7,11.8,16.2,.523,19.1,37.4,.262,2022
Miami (FL),37,26,11,.703,11.22,7.62,,14,6,,10,5,,10,2,,2736,2603,,67.8,108.6,.288,.355,.563,46.4,51.7,13.0,9.0,.533,12.7,22.4,.214,2022
Michigan,34,19,15,.559,14.26,11.02,,11,9,,10,5,,5,7,,2470,2360,,67.5,107.7,.294,.321,.554,54.1,52.6,7.0,8.6,.521,15.1,31.0,.219,2022
Michigan State,36,23,13,.639,13.18,9.96,,11,9,,12,3,,5,6,,2601,2485,,67.9,106.4,.299,.337,.553,53.0,60.2,8.4,13.6,.520,16.3,30.7,.224,2022
Montana State,35,27,8,.771,-0.26,-5.54,,16,4,,13,1,,9,6,,2679,2425,,69.5,108.9,.384,.373,.580,53.1,50.1,7.4,10.1,.541,16.3,27.3,.289,2022
Murray State,34,31,3,.912,9.87,-3.07,,18,0,,15,0,,11,1,,2690,2150,,68.3,115.5,.325,.377,.567,55.5,51.2,11.4,9.5,.542,14.1,35.8,.225,2022
New Mexico State,34,27,7,.794,7.11,1.24,,13,4,,13,2,,9,3,,2464,2197,,68.3,105.7,.341,.424,.554,55.1,53.5,7.3,12.2,.524,17.7,33.0,.239,2022
Norfolk State,31,24,7,.774,-3.91,-9.30,,12,2,,11,0,,7,6,,2302,1997,,70.7,105.0,.371,.356,.554,53.4,47.4,9.4,11.2,.522,17.3,30.7,.259,2022
North Carolina,39,29,10,.744,15.50,8.89,,15,5,,15,2,,8,3,,3038,2780,,70.3,109.7,.303,.381,.551,55.8,54.1,7.3,9.7,.515,14.2,31.8,.232,2022
Notre Dame,35,24,11,.686,11.87,7.01,,15,5,,14,1,,7,5,,2540,2349,,65.9,108.6,.267,.423,.571,50.2,53.8,7.8,4.8,.543,14.1,22.4,.201,2022
Ohio State,32,20,12,.625,14.17,9.08,,12,8,,13,3,,5,6,,2329,2166,,65.1,110.9,.334,.395,.578,52.0,48.8,6.9,12.8,.543,15.1,29.3,.253,2022
Providence,33,27,6,.818,13.08,7.75,,14,3,,16,1,,7,2,,2360,2184,,65.9,106.4,.370,.380,.540,52.2,54.1,7.5,9.7,.500,14.7,30.3,.269,2022
Purdue,37,29,8,.784,19.15,8.23,,14,6,,16,1,,5,5,,2936,2532,,66.7,117.8,.382,.392,.593,57.1,58.6,6.9,9.7,.565,15.0,35.2,.272,2022
Richmond,37,24,13,.649,7.07,4.48,,10,8,,11,4,,7,5,,2628,2532,,67.4,104.8,.310,.417,.542,47.6,57.4,11.2,6.3,.511,13.0,22.4,.223,2022
Rutgers,32,18,14,.563,8.78,6.81,,12,8,,14,3,,4,9,,2192,2129,,65.5,102.9,.262,.316,.525,51.4,58.8,10.6,11.7,.499,15.0,29.6,.184,2022
Saint Mary's,34,26,8,.765,14.82,6.58,,12,3,,16,0,,6,4,,2370,2061,,65.5,106.5,.240,.363,.556,53.4,51.6,10.6,6.6,.528,15.2,27.8,.182,2022
Saint Peter's,34,22,12,.647,2.96,-0.47,,14,6,,9,4,,7,7,,2277,2125,,66.7,99.7,.371,.303,.519,51.5,52.4,10.5,14.8,.480,17.2,31.3,.260,2022
San Diego State,32,23,9,.719,13.13,5.85,,13,4,,14,1,,5,5,,2093,1860,,65.3,99.0,.311,.308,.518,51.5,50.2,11.3,14.4,.487,16.8,29.5,.215,2022
San Francisco,34,24,10,.706,14.12,5.24,,10,6,,14,4,,7,2,,2630,2304,,70.9,108.7,.290,.453,.560,53.4,46.9,10.8,11.6,.537,15.6,30.2,.201,2022
Seton Hall,32,21,11,.656,12.75,8.52,,11,8,,13,3,,6,5,,2302,2125,,68.7,104.3,.312,.359,.521,51.8,40.8,10.2,13.8,.481,14.9,32.6,.235,2022
South Dakota State,35,30,5,.857,6.60,-3.77,,18,0,,14,0,,10,3,,3005,2561,,71.7,119.3,.333,.354,.627,52.7,49.0,8.5,6.9,.600,13.8,24.0,.253,2022
Southern California,34,26,8,.765,12.50,6.09,,14,6,,13,3,,9,3,,2461,2243,,67.5,106.5,.309,.322,.536,54.3,53.3,7.4,11.1,.512,15.3,33.5,.205,2022
Tennessee,35,27,8,.771,20.46,9.94,,14,4,,16,0,,6,5,,2571,2203,,68.6,106.2,.290,.402,.536,52.2,63.0,13.5,12.9,.507,15.2,32.5,.207,2022
Texas,34,22,12,.647,17.01,8.87,,10,8,,16,3,,4,7,,2339,2062,,64.5,105.9,.320,.361,.538,50.8,54.1,11.8,10.1,.501,15.3,31.5,.239,2022
Texas A&M-Corpus Christi,35,23,12,.657,-6.78,-9.10,,7,7,,9,4,,7,6,,2682,2454,,72.3,105.5,.364,.313,.537,53.0,56.0,11.7,5.6,.495,16.5,34.6,.269,2022
Texas Christian,34,21,13,.618,13.72,10.16,,8,10,,12,4,,4,6,,2328,2207,,67.2,101.1,.314,.317,.516,56.0,53.8,9.5,11.2,.487,17.9,37.8,.212,2022
Texas Southern,32,19,13,.594,-3.30,-6.24,,13,5,,7,2,,8,10,,2209,2115,,69.7,98.6,.336,.309,.514,53.2,42.7,7.9,13.6,.482,18.2,33.0,.228,2022
Texas Tech,37,27,10,.730,20.08,8.65,,12,6,,18,0,,3,7,,2667,2244,,67.3,106.0,.351,.341,.556,54.6,52.2,11.8,12.0,.526,17.2,33.2,.245,2022
UAB,35,27,8,.771,10.90,-0.14,,14,4,,16,2,,7,4,,2811,2336,,70.4,112.9,.284,.332,.560,53.1,43.8,13.4,11.6,.530,13.8,33.7,.210,2022
UCLA,35,27,8,.771,19.30,8.36,,15,5,,14,1,,8,4,,2639,2256,,66.5,111.4,.294,.312,.539,52.5,50.3,10.3,9.6,.505,11.3,31.4,.218,2022
Vermont,34,28,6,.824,7.81,-5.70,,17,1,,16,0,,10,4,,2544,2065,,65.1,114.4,.265,.430,.594,54.7,55.0,7.8,7.2,.570,13.2,24.3,.197,2022
Villanova,38,30,8,.789,19.31,10.29,,16,4,,12,1,,8,5,,2726,2383,,63.6,112.4,.298,.463,.560,51.5,48.9,9.4,6.8,.515,13.4,31.2,.247,2022
Virginia Tech,36,23,13,.639,14.48,6.48,,11,9,,11,4,,7,6,,2549,2261,,63.6,111.0,.245,.411,.576,51.4,55.2,8.4,9.3,.551,15.0,27.9,.184,2022
Wisconsin,33,25,8,.758,13.13,9.16,,15,5,,12,4,,9,2,,2308,2177,,67.0,104.4,.324,.360,.518,50.1,44.8,7.9,7.8,.477,11.4,26.0,.241,2022
Wright State,36,22,14,.611,-1.94,-5.11,,15,7,,12,3,,7,7,,2729,2585,,70.0,108.3,.318,.327,.554,50.9,51.3,8.4,7.6,.516,15.2,30.8,.244,2022
Wyoming,34,25,9,.735,9.36,3.60,,13,5,,14,1,,8,5,,2466,2227,,66.3,107.8,.359,.431,.565,52.0,44.7,5.8,5.4,.531,15.0,25.5,.260,2022
Yale,31,19,12,.613,-0.10,-1.34,,11,3,,10,3,,6,6,,2226,2143,,70.3,101.8,.321,.359,.537,50.2,46.7,8.8,9.3,.501,16.1,25.7,.236,2022
Alabama,37,31,6,.838,23.19,9.65,,16,2,,15,0,,9,3,,3027,2526,,72.6,110.4,.366,.472,.557,54.4,54.3,8.2,11.3,.521,15.9,34.2,.266,2023
Arizona,35,28,7,.800,19.08,8.34,,14,6,,15,2,,6,4,,2866,2490,,72.7,112.6,.358,.377,.591,54.2,64.7,8.4,8.1,.565,16.2,30.7,.253,2023
Arizona State,36,23,13,.639,11.29,8.18,,11,9,,10,5,,7,6,,2559,2447,,69.0,101.9,.312,.393,.515,48.8,56.6,10.2,13.3,.484,14.5,29.2,.215,2023
Arkansas,36,22,14,.611,15.99,9.87,,8,10,,14,3,,2,8,,2666,2446,,70.2,105.1,.393,.277,.545,51.7,48.1,11.9,13.1,.509,15.8,30.7,.274,2023
Auburn,34,21,13,.618,14.35,9.29,,10,8,,14,2,,4,8,,2474,2302,,68.7,105.6,.363,.352,.530,50.4,54.7,11.2,13.6,.495,15.1,32.8,.253,2023
Baylor,34,23,11,.676,17.30,10.54,,11,7,,14,3,,5,5,,2619,2389,,67.8,113.3,.368,.449,.570,51.5,54.9,9.6,6.9,.532,15.2,34.4,.274,2023
Boise State,34,24,10,.706,12.78,6.21,,13,5,,14,1,,6,6,,2451,2198,,66.8,106.8,.303,.378,.553,52.6,43.8,7.5,8.0,.521,14.6,27.4,.222,2023
Colgate,35,26,9,.743,2.20,-5.86,,17,1,,14,2,,11,4,,2733,2426,,68.2,114.5,.269,.348,.594,51.7,61.1,10.4,7.7,.581,13.4,25.5,.178,2023
College of Charleston,35,31,4,.886,8.40,-4.02,,16,2,,17,1,,11,2,,2804,2353,,70.7,112.5,.328,.477,.551,54.3,49.8,10.4,7.7,.515,14.1,35.2,.244,2023
Connecticut,39,31,8,.795,22.95,8.51,,13,7,,15,2,,6,5,,3064,2501,,68.4,114.9,.308,.417,.573,56.7,63.2,9.2,12.7,.539,15.8,38.4,.234,2023
Creighton,37,24,13,.649,17.83,9.80,,14,6,,13,2,,5,6,,2828,2531,,69.3,109.6,.284,.417,.576,52.7,57.3,7.2,9.2,.542,14.9,25.3,.222,2023
Drake,35,27,8,.771,7.84,-1.14,,15,5,,14,1,,6,6,,2617,2236,,67.0,109.2,.279,.370,.569,52.2,50.2,7.8,7.4,.537,13.8,24.3,.214,2023
Duke,36,27,9,.750,15.83,7.44,,14,6,,16,0,,4,6,,2592,2290,,65.5,109.5,.299,.353,.548,55.7,56.2,8.6,12.2,.511,15.4,35.9,.229,2023
FDU,37,21,16,.568,-8.98,-9.83,,10,6,,10,5,,8,9,,2863,2744,,69.8,109.7,.271,.379,.549,50.3,52.2,11.3,6.0,.517,14.0,31.9,.204,2023
Florida Atlantic,39,35,4,.897,13.92,2.30,,18,2,,17,0,,11,3,,3035,2547,,68.5,112.8,.294,.440,.572,54.2,51.8,9.4,6.7,.547,14.8,31.6,.212,2023
Furman,36,28,8,.778,4.89,-2.90,,15,3,,14,2,,8,3,,2911,2563,,69.4,115.4,.341,.464,.588,51.2,59.1,9.4,8.4,.557,13.8,28.8,.253,2023
Gonzaga,37,31,6,.838,18.99,8.04,,14,2,,15,1,,7,2,,3187,2715,,71.9,119.5,.337,.323,.602,54.0,50.7,10.0,9.3,.582,13.0,31.4,.233,2023
Grand Canyon,36,24,12,.667,4.43,1.27,,10,7,,14,4,,5,5,,2706,2421,,66.9,111.5,.358,.418,.573,52.1,48.4,7.3,8.1,.542,15.4,30.8,.256,2023
Houston,37,33,4,.892,22.20,4.79,,17,1,,16,2,,11,0,,2770,2126,,64.8,115.5,.289,.379,.553,55.1,53.9,12.2,16.7,.523,12.9,37.1,.212,2023
Howard,35,22,13,.629,-5.04,-5.14,,11,3,,12,2,,6,8,,2634,2542,,71.8,104.4,.333,.370,.558,51.7,56.0,10.0,8.5,.527,19.5,34.1,.237,2023
Illinois,33,20,13,.606,14.81,7.65,,11,9,,15,2,,3,7,,2452,2216,,69.5,105.7,.343,.419,.542,52.8,46.8,9.9,13.8,.514,15.8,31.6,.233,2023
Indiana,35,23,12,.657,14.94,8.88,,12,8,,15,2,,5,7,,2616,2404,,68.4,109.0,.295,.266,.561,51.0,53.6,8.5,13.6,.535,14.7,28.1,.209,2023
Iona,35,27,8,.771,7.61,-2.76,,17,3,,11,1,,8,4,,2660,2297,,68.8,110.1,.290,.320,.548,50.4,53.1,10.8,14.6,.516,13.1,31.6,.212,2023
Iowa,33,19,14,.576,14.08,8.69,,11,9,,14,3,,4,7,,2642,2464,,69.6,113.7,.323,.375,.551,51.3,57.5,9.3,8.3,.517,11.9,32.1,.238,2023
Iowa State,33,19,14,.576,15.36,10.39,,9,9,,13,3,,3,8,,2231,2067,,65.7,102.2,.279,.338,.523,52.5,54.8,13.3,11.3,.499,16.7,33.9,.187,2023
Kansas,36,28,8,.778,19.20,11.84,,13,5,,15,1,,7,4,,2715,2450,,70.2,106.8,.298,.338,.555,50.8,58.9,12.5,10.2,.526,15.4,28.7,.215,2023
Kansas State,36,26,10,.722,15.79,9.48,,11,7,,16,1,,4,7,,2742,2515,,70.5,106.2,.361,.361,.562,50.5,63.6,11.2,7.7,.523,17.0,29.9,.270,2023
Kennesaw State,35,26,9,.743,0.60,-2.06,,15,3,,15,1,,10,6,,2626,2415,,69.8,106.4,.358,.387,.555,50.9,53.9,11.2,8.0,.531,15.5,27.9,.237,2023
Kent State,35,28,7,.800,7.53,-1.22,,15,3,,15,0,,9,6,,2665,2305,,69.7,108.9,.308,.384,.546,50.5,45.1,12.6,12.1,.514,14.0,31.0,.224,2023
Kentucky,34,22,12,.647,14.76,8.08,,12,6,,14,4,,6,4,,2532,2305,,66.8,110.7,.319,.300,.538,56.7,55.1,9.6,10.0,.506,14.5,39.2,.225,2023
Louisiana,34,26,8,.765,4.27,-0.51,,13,5,,14,0,,7,7,,2630,2362,,69.2,111.4,.365,.322,.568,54.5,51.5,10.3,7.5,.542,15.2,34.0,.249,2023
Marquette,36,29,7,.806,17.07,8.01,,17,3,,16,1,,9,4,,2856,2530,,69.3,112.9,.270,.420,.582,47.3,59.1,13.0,8.4,.560,13.6,26.2,.194,2023
Maryland,35,22,13,.629,14.58,8.35,,11,9,,16,1,,2,9,,2440,2222,,64.5,107.7,.343,.369,.545,51.1,46.2,8.4,10.1,.508,14.3,30.0,.251,2023
Memphis,35,26,9,.743,14.50,6.90,,13,5,,13,2,,7,5,,2778,2512,,72.2,108.7,.354,.291,.567,50.4,54.4,11.8,13.1,.530,16.0,31.2,.265,2023
Miami (FL),37,29,8,.784,13.98,6.84,,15,5,,16,1,,7,4,,2925,2661,,68.9,114.3,.307,.342,.579,52.0,50.6,10.5,8.4,.543,14.0,31.8,.241,2023
Michigan State,34,21,13,.618,14.25,11.25,,11,8,,12,2,,5,7,,2411,2309,,65.4,106.8,.272,.330,.549,52.2,56.5,7.1,8.4,.517,14.4,27.6,.206,2023
Mississippi State,34,21,13,.618,11.43,6.69,,8,10,,12,4,,4,6,,2234,2073,,64.9,99.8,.338,.346,.497,53.1,59.1,13.1,11.3,.467,16.2,35.5,.219,2023
Missouri,35,25,10,.714,11.41,6.89,,11,7,,16,3,,5,5,,2762,2604,,70.0,112.0,.291,.432,.580,44.7,56.5,14.5,8.5,.550,14.1,26.3,.220,2023
Montana State,35,25,10,.714,2.18,-1.43,,15,3,,12,1,,10,5,,2588,2342,,67.9,108.1,.434,.342,.572,51.8,49.8,9.6,8.4,.526,15.5,26.6,.327,2023
NC State,34,23,11,.676,12.50,5.58,,12,8,,15,2,,4,6,,2643,2408,,69.8,110.9,.253,.371,.541,51.2,44.2,11.2,11.8,.515,11.6,30.4,.182,2023
Nevada,33,22,11,.667,10.01,6.41,,12,6,,14,1,,6,7,,2397,2238,,66.4,107.3,.395,.378,.563,49.9,59.3,8.8,9.5,.512,13.7,22.9,.313,2023
Northern Kentucky,35,22,13,.629,-0.83,-2.89,,14,6,,14,3,,6,6,,2372,2224,,63.5,104.8,.278,.414,.525,49.1,55.0,14.5,8.1,.497,14.9,32.2,.194,2023
Northwestern,34,22,12,.647,13.68,8.71,,12,8,,13,5,,7,4,,2303,2134,,65.0,103.5,.297,.410,.513,49.6,54.2,12.0,12.7,.473,12.7,28.5,.225,2023
Oral Roberts,35,30,5,.857,8.55,-2.84,,18,0,,16,0,,11,4,,2915,2458,,71.5,116.5,.246,.460,.585,50.0,48.6,9.5,14.0,.558,11.7,25.4,.190,2023
Penn State,37,23,14,.622,13.04,9.02,,10,10,,13,4,,4,7,,2673,2524,,64.4,110.4,.213,.471,.575,48.2,51.9,6.6,5.8,.554,12.5,19.2,.157,2023
Pittsburgh,36,24,12,.667,10.59,5.20,,14,6,,14,3,,7,5,,2704,2510,,68.1,110.4,.329,.434,.562,51.1,54.4,7.6,11.4,.525,14.3,29.5,.249,2023
Princeton,32,23,9,.719,4.76,-0.97,,10,4,,12,3,,7,4,,2416,2192,,69.0,108.1,.302,.418,.554,54.2,49.6,7.0,8.3,.526,15.0,29.1,.215,2023
Providence,33,21,12,.636,12.89,6.55,,13,7,,15,2,,6,6,,2552,2343,,68.2,111.2,.363,.319,.551,54.0,53.5,9.9,11.2,.511,14.3,34.8,.269,2023
Purdue,35,29,6,.829,18.23,8.31,,15,5,,14,2,,8,3,,2543,2196,,64.2,112.8,.372,.384,.558,58.1,61.3,7.4,9.9,.518,14.6,38.4,.277,2023
Saint Mary's,35,27,8,.771,17.41,7.18,,14,2,,16,2,,6,2,,2473,2105,,63.8,109.6,.320,.369,.550,55.3,49.1,10.6,9.9,.522,14.2,32.9,.222,2023
San Diego State,39,32,7,.821,15.81,8.92,,15,3,,15,1,,8,2,,2775,2475,,66.6,106.1,.327,.346,.533,53.0,51.1,10.0,11.7,.498,14.8,31.9,.236,2023
Southeast Missouri State,36,19,17,.528,-7.40,-6.81,,10,8,,9,4,,5,11,,2789,2734,,73.8,103.2,.378,.399,.540,49.2,51.9,9.3,8.6,.503,15.4,26.5,.268,2023
Southern California,33,22,11,.667,13.06,8.00,,14,6,,15,2,,5,5,,2391,2224,,68.3,105.6,.332,.330,.550,49.6,52.0,10.0,13.4,.512,15.9,28.8,.248,2023
Tennessee,36,25,11,.694,20.84,7.98,,11,7,,14,2,,4,6,,2547,2084,,65.9,107.0,.307,.401,.530,54.6,66.2,12.5,11.8,.499,15.2,36.4,.217,2023
Texas,38,29,9,.763,20.56,10.43,,12,6,,17,1,,4,6,,2963,2578,,70.1,110.1,.305,.345,.565,49.8,56.7,11.1,9.8,.533,14.3,28.3,.228,2023
Texas A&M,35,25,10,.714,13.76,7.42,,15,3,,15,1,,7,4,,2549,2327,,67.1,108.5,.451,.345,.543,53.4,52.6,10.0,7.9,.488,15.5,36.7,.343,2023
Texas A&M-Corpus Christi,35,24,11,.686,-2.57,-7.02,,14,4,,13,2,,8,7,,2803,2561,,71.7,110.9,.348,.342,.559,52.6,55.2,11.7,5.3,.513,15.2,33.7,.276,2023
Texas Christian,35,22,13,.629,15.61,8.78,,9,9,,13,4,,3,7,,2634,2395,,70.9,105.8,.341,.299,.533,50.7,58.5,11.3,12.5,.500,14.4,32.2,.238,2023
Texas Southern,35,14,21,.400,-10.56,-5.05,,7,11,,7,6,,3,13,,2422,2518,,70.9,95.6,.338,.281,.498,51.4,46.1,9.3,8.9,.466,17.4,31.0,.225,2023
UC Santa Barbara,35,27,8,.771,3.30,-2.03,,15,5,,12,3,,10,4,,2510,2305,,65.5,109.1,.343,.296,.575,51.3,53.6,9.7,6.7,.545,15.4,26.7,.250,2023
UCLA,37,31,6,.838,22.11,8.66,,18,2,,17,0,,9,2,,2743,2245,,67.2,110.3,.274,.290,.540,52.2,52.1,12.5,11.6,.511,12.8,33.0,.200,2023
UNC Asheville,35,27,8,.771,-1.74,-4.35,,16,2,,13,0,,10,6,,2604,2418,,69.3,105.8,.408,.374,.577,50.5,49.7,9.0,10.0,.547,18.0,26.3,.284,2023
Utah State,35,26,9,.743,14.23,6.81,,13,5,,14,2,,6,4,,2736,2446,,69.2,112.6,.343,.425,.596,53.0,61.8,7.2,8.6,.562,15.6,27.3,.262,2023
Vermont,34,23,11,.676,1.63,-3.13,,14,2,,13,1,,9,6,,2471,2276,,65.5,109.7,.285,.429,.573,49.1,51.6,8.9,8.3,.551,12.8,20.3,.198,2023
Virginia,33,25,8,.758,13.28,5.98,,15,5,,15,1,,6,5,,2237,1996,,62.5,108.1,.347,.356,.544,50.2,65.4,10.9,13.8,.512,12.1,25.6,.244,2023
Virginia Commonwealth,35,27,8,.771,9.89,1.95,,15,3,,15,3,,8,3,,2480,2202,,68.3,103.8,.416,.327,.555,50.1,52.8,13.0,12.8,.520,17.3,28.9,.289,2023
West Virginia,34,19,15,.559,15.95,10.89,,7,11,,13,4,,3,8,,2583,2411,,69.6,108.8,.394,.363,.557,52.0,50.1,9.6,8.6,.515,16.0,34.0,.292,2023
Xavier,37,27,10,.730,16.03,9.16,,15,5,,15,2,,7,4,,2995,2741,,72.0,112.1,.314,.312,.578,53.9,63.6,8.8,7.9,.552,15.0,30.7,.223,2023
Akron,35,24,11,.686,2.77,-2.08,,13,5,,13,1,,7,6,,2577,2316,,66.9,109.6,.318,.428,.555,53.0,49.7,8.4,8.0,.523,14.5,30.6,.231,2024
Alabama,37,25,12,.676,20.69,11.80,,13,5,,14,2,,5,5,,3335,3006,,73.9,121.1,.353,.465,.599,52.6,51.7,9.3,11.0,.563,13.6,35.0,.273,2024
Arizona,36,27,9,.750,24.54,9.45,,15,5,,15,1,,7,4,,3137,2594,,73.3,116.8,.364,.334,.576,56.6,59.2,11.2,9.5,.545,13.6,35.6,.261,2024
Auburn,35,27,8,.771,22.46,7.66,,13,5,,15,1,,5,5,,2909,2391,,70.9,117.2,.383,.375,.580,52.3,61.6,10.4,15.9,.542,13.0,32.9,.287,2024
Baylor,35,24,11,.686,19.50,10.71,,11,7,,15,2,,4,5,,2814,2489,,66.8,117.8,.395,.386,.592,54.6,53.2,9.9,8.6,.558,15.0,35.8,.289,2024
Boise State,33,22,11,.667,13.31,7.35,,13,5,,13,3,,7,3,,2479,2221,,66.9,111.4,.359,.397,.554,55.6,47.1,8.5,6.8,.516,14.1,34.1,.264,2024
Brigham Young,34,23,11,.676,19.33,7.86,,10,8,,16,2,,3,7,,2768,2378,,69.9,116.4,.254,.504,.573,54.2,63.4,8.5,7.6,.548,13.1,32.8,.188,2024
Clemson,36,24,12,.667,16.20,10.04,,11,9,,12,4,,6,6,,2785,2563,,67.8,113.4,.307,.399,.575,51.6,53.8,6.7,10.9,.539,13.0,27.2,.240,2024
Colgate,35,25,10,.714,-0.31,-5.55,,16,2,,13,3,,10,5,,2498,2242,,66.4,107.5,.273,.383,.559,51.9,56.6,9.8,10.1,.538,14.1,25.3,.186,2024
College of Charleston,35,27,8,.771,4.09,-2.38,,15,3,,13,2,,10,2,,2832,2575,,70.4,114.6,.275,.471,.550,53.1,53.3,8.9,8.1,.522,11.9,33.6,.198,2024
Colorado,37,26,11,.703,15.95,8.36,,13,7,,16,1,,4,7,,2935,2654,,69.0,113.8,.351,.306,.593,55.0,57.2,8.6,5.5,.554,15.9,31.9,.275,2024
Colorado State,36,25,11,.694,13.40,7.28,,10,8,,15,2,,4,7,,2707,2422,,66.7,111.9,.317,.386,.581,50.5,66.1,9.3,8.4,.549,13.9,25.0,.239,2024
Connecticut,40,37,3,.925,26.70,8.70,,18,2,,16,0,,9,3,,3256,2536,,66.0,123.3,.319,.402,.597,56.3,63.6,9.3,14.2,.569,12.3,36.7,.237,2024
Creighton,35,25,10,.714,20.07,9.53,,14,6,,14,2,,8,5,,2815,2446,,67.6,116.2,.247,.485,.600,53.1,57.9,5.5,8.5,.573,13.7,26.1,.194,2024
Dayton,33,25,8,.758,13.45,5.73,,14,4,,15,0,,6,5,,2448,2193,,64.8,114.1,.367,.443,.595,50.6,58.1,8.5,11.1,.563,14.3,26.3,.272,2024
Drake,35,28,7,.800,11.08,1.84,,16,4,,16,0,,6,5,,2797,2463,,68.4,113.9,.328,.394,.582,51.2,56.4,9.2,4.6,.549,12.3,24.2,.247,2024
Duke,36,27,9,.750,20.67,8.36,,15,5,,15,3,,7,4,,2830,2387,,67.1,117.1,.343,.375,.576,53.7,54.9,9.7,9.8,.546,12.4,32.1,.248,2024
Duquesne,37,25,12,.676,7.35,4.68,,10,8,,13,4,,5,6,,2611,2467,,66.9,105.5,.323,.389,.536,50.4,54.0,11.2,12.6,.503,15.1,30.5,.232,2024
Florida,36,24,12,.667,15.17,8.81,,11,7,,14,1,,3,7,,3080,2851,,73.1,115.1,.384,.345,.554,54.1,50.7,9.0,12.1,.518,13.1,37.3,.275,2024
Florida Atlantic,34,25,9,.735,13.26,4.61,,14,4,,13,1,,5,5,,2789,2495,,69.1,116.2,.349,.391,.577,52.8,50.9,10.2,7.8,.547,13.8,33.4,.251,2024
Gonzaga,35,27,8,.771,17.93,4.02,,14,2,,13,2,,8,2,,2959,2420,,69.8,121.1,.305,.312,.598,55.0,52.2,9.5,9.8,.574,12.1,33.9,.220,2024
Grambling,36,21,15,.583,-9.63,-5.48,,14,4,,9,3,,7,9,,2436,2506,,66.9,100.1,.384,.280,.527,49.0,41.2,10.9,8.6,.487,17.0,29.8,.272,2024
Grand Canyon,35,30,5,.857,10.45,-0.52,,17,3,,16,0,,8,3,,2769,2346,,69.8,112.9,.450,.363,.568,53.1,45.9,11.8,14.3,.521,15.0,34.4,.337,2024
Houston,37,32,5,.865,25.69,9.80,,15,3,,17,0,,7,3,,2720,2132,,64.1,113.6,.308,.368,.531,52.3,49.3,15.1,16.0,.503,11.4,36.8,.211,2024
Howard,35,18,17,.514,-8.69,-8.02,,9,5,,9,4,,6,9,,2623,2600,,69.4,106.5,.418,.392,.566,52.8,55.9,8.6,7.2,.522,18.9,34.4,.314,2024
Illinois,38,29,9,.763,19.56,9.54,,14,6,,15,3,,6,5,,3168,2787,,70.1,118.2,.371,.385,.572,55.2,45.8,6.2,8.2,.536,12.6,35.6,.273,2024
Iowa State,37,29,8,.784,22.30,8.51,,13,5,,18,0,,5,5,,2787,2277,,67.9,110.9,.354,.317,.551,50.5,58.1,15.2,10.8,.520,13.3,31.1,.248,2024
James Madison,36,32,4,.889,8.19,-3.75,,15,3,,14,1,,12,2,,2995,2506,,71.6,115.0,.342,.378,.572,53.2,53.8,12.5,8.3,.544,13.0,32.5,.240,2024
Kansas,34,23,11,.676,16.35,11.32,,10,8,,15,1,,3,7,,2569,2376,,69.9,107.7,.320,.298,.567,51.7,67.4,10.2,11.0,.538,14.9,25.7,.231,2024
Kentucky,33,23,10,.697,16.79,7.46,,13,5,,14,4,,7,3,,2938,2630,,73.9,119.2,.304,.375,.602,50.5,54.9,10.1,16.2,.572,12.6,28.9,.235,2024
Long Beach State,36,21,15,.583,-1.19,-1.19,,10,10,,8,5,,9,7,,2786,2735,,72.9,105.4,.382,.285,.527,52.0,55.4,10.8,12.2,.487,14.7,33.3,.271,2024
Longwood,35,21,14,.600,-2.04,-4.76,,6,10,,13,3,,6,10,,2615,2396,,67.9,108.5,.392,.287,.537,56.3,47.9,10.1,7.7,.502,15.4,38.3,.269,2024
Marquette,37,27,10,.730,19.27,11.02,,14,6,,14,2,,7,5,,2888,2583,,69.4,112.0,.255,.411,.571,47.8,54.5,12.3,10.6,.550,12.7,25.7,.180,2024
McNeese,34,30,4,.882,6.42,-6.81,,17,1,,18,0,,11,3,,2719,2116,,67.6,118.3,.373,.336,.578,52.2,52.0,15.2,12.1,.552,12.3,33.5,.258,2024
Michigan State,35,20,15,.571,17.72,10.89,,10,10,,14,4,,3,7,,2551,2312,,66.4,109.4,.293,.304,.544,50.8,58.8,10.6,11.7,.516,13.0,29.8,.207,2024
Mississippi State,35,21,14,.600,14.19,9.16,,8,10,,11,4,,2,8,,2593,2417,,68.7,107.5,.374,.385,.543,53.9,53.5,11.8,9.0,.514,16.0,35.4,.251,2024
Montana State,35,17,18,.486,-5.34,-4.46,,9,9,,10,7,,4,10,,2635,2606,,69.7,106.4,.296,.429,.574,46.4,49.2,11.7,6.4,.547,15.1,20.8,.216,2024
Morehead State,35,26,9,.743,0.51,-5.52,,14,4,,14,1,,9,7,,2635,2220,,66.2,113.7,.293,.451,.572,56.1,55.7,8.9,11.9,.548,15.2,35.3,.207,2024
NC State,41,26,15,.634,12.81,8.93,,9,11,,12,5,,4,7,,3101,2942,,68.5,109.1,.320,.333,.542,49.4,48.0,10.5,9.7,.507,12.1,28.1,.234,2024
Nebraska,34,23,11,.676,14.36,7.53,,12,8,,18,1,,3,8,,2643,2411,,69.4,110.8,.326,.443,.567,50.2,57.1,9.0,7.1,.531,13.9,27.6,.248,2024
Nevada,34,26,8,.765,12.85,4.58,,13,5,,15,2,,8,3,,2582,2276,,66.9,113.0,.443,.336,.573,51.3,58.0,9.4,11.0,.535,13.2,27.6,.319,2024
New Mexico,36,26,10,.722,15.04,5.38,,10,8,,13,3,,5,6,,2916,2545,,72.5,111.7,.331,.303,.538,52.8,49.1,12.0,13.2,.505,11.7,33.4,.234,2024
North Carolina,37,29,8,.784,21.36,9.90,,17,3,,14,1,,8,2,,3032,2608,,71.3,114.6,.362,.361,.557,54.9,51.2,8.1,10.3,.515,12.0,33.0,.275,2024
Northwestern,34,22,12,.647,12.77,8.50,,12,8,,15,2,,4,7,,2493,2348,,64.8,111.2,.292,.364,.558,48.4,59.4,10.7,9.5,.526,11.8,25.7,.220,2024
Oakland,36,24,12,.667,2.02,-1.24,,15,5,,10,3,,9,7,,2751,2634,,68.0,110.5,.308,.413,.554,50.9,54.0,9.5,7.8,.519,13.8,30.4,.231,2024
Oregon,36,24,12,.667,12.22,8.91,,12,8,,13,3,,6,5,,2721,2602,,68.3,109.6,.320,.363,.551,50.3,50.6,10.4,10.1,.519,12.9,28.6,.230,2024
Purdue,39,34,5,.872,24.93,11.60,,17,3,,16,0,,7,3,,3211,2691,,68.3,119.5,.413,.347,.591,58.0,64.9,7.9,9.3,.558,14.0,37.7,.297,2024
Saint Mary's,34,26,8,.765,16.31,3.46,,15,1,,14,4,,9,0,,2516,2013,,63.8,115.2,.285,.365,.552,58.8,58.8,10.2,10.3,.531,13.2,39.4,.192,2024
Saint Peter's,33,19,14,.576,-4.58,-5.33,,12,8,,8,5,,8,8,,2140,2113,,65.4,98.8,.390,.322,.493,51.2,48.6,10.8,12.4,.446,16.0,34.5,.278,2024
Samford,35,29,6,.829,6.32,-3.23,,15,3,,18,0,,8,5,,3012,2607,,74.4,115.7,.355,.413,.599,49.9,58.7,13.3,10.5,.571,15.3,30.6,.257,2024
San Diego State,37,26,11,.703,14.68,8.37,,11,7,,14,1,,6,8,,2742,2467,,67.0,108.7,.362,.379,.540,52.9,50.4,10.9,11.9,.500,14.0,33.2,.265,2024
South Carolina,34,26,8,.765,10.98,6.48,,13,5,,14,3,,8,3,,2450,2297,,64.8,110.4,.318,.411,.540,52.1,60.6,7.3,8.2,.509,13.2,32.8,.226,2024
South Dakota State,35,22,13,.629,0.52,-2.70,,12,4,,11,3,,6,5,,2675,2490,,68.6,110.7,.292,.406,.579,51.4,46.1,8.8,10.2,.555,14.6,25.1,.207,2024
Stetson,35,22,13,.629,-5.09,-3.24,,11,5,,14,2,,6,10,,2687,2566,,67.5,113.4,.302,.417,.572,50.0,48.9,7.9,8.0,.539,13.6,29.1,.231,2024
Tennessee,36,27,9,.750,21.81,10.42,,14,4,,14,2,,8,3,,2836,2426,,70.3,112.1,.337,.412,.550,52.4,61.3,11.1,13.5,.511,12.5,32.2,.253,2024
Texas,34,21,13,.618,15.91,9.41,,9,9,,14,4,,4,6,,2563,2342,,68.2,110.1,.302,.348,.564,50.4,54.9,10.5,11.4,.530,14.7,29.9,.228,2024
Texas A&M,36,21,15,.583,13.35,9.32,,9,9,,10,5,,6,6,,2736,2591,,67.8,111.4,.386,.377,.502,56.0,44.5,10.2,9.4,.457,11.3,42.3,.273,2024
Texas Christian,34,21,13,.618,14.62,7.32,,9,9,,12,4,,6,5,,2687,2439,,70.6,110.3,.350,.303,.551,53.4,59.6,12.5,10.2,.515,15.2,35.9,.256,2024
Texas Tech,34,23,11,.676,14.96,9.28,,11,7,,15,2,,4,6,,2561,2368,,67.2,111.7,.342,.414,.567,50.9,57.1,8.9,7.0,.526,14.3,30.3,.267,2024
UAB,35,23,12,.657,5.14,3.73,,12,6,,12,5,,7,5,,2711,2627,,68.7,111.2,.400,.316,.546,52.2,50.5,9.7,11.8,.501,14.1,35.5,.298,2024
Utah State,35,28,7,.800,11.56,5.29,,14,4,,14,1,,8,4,,2788,2497,,69.3,113.4,.385,.333,.579,52.0,57.3,9.7,11.3,.546,13.8,28.6,.277,2024
Vermont,35,28,7,.800,2.78,-3.31,,15,1,,16,1,,10,4,,2506,2205,,65.4,109.1,.286,.443,.557,50.6,53.1,9.0,10.7,.530,12.5,23.1,.205,2024
Virginia,34,23,11,.676,10.45,7.31,,13,7,,15,2,,5,6,,2140,2033,,61.2,101.7,.253,.326,.506,48.4,63.0,11.4,15.5,.486,11.5,25.6,.161,2024
Wagner,33,17,16,.515,-10.64,-8.58,,7,9,,7,5,,9,10,,2103,2083,,63.0,100.0,.259,.380,.489,50.4,55.5,9.3,7.2,.458,13.2,30.0,.182,2024
Washington State,35,25,10,.714,14.02,7.19,,14,6,,15,2,,6,4,,2574,2335,,66.4,109.9,.316,.322,.547,54.3,45.9,7.7,12.6,.518,14.0,32.9,.222,2024
Western Kentucky,34,22,12,.647,1.19,-2.91,,8,8,,12,2,,6,7,,2728,2531,,76.0,105.6,.327,.321,.552,52.2,45.6,10.1,8.7,.520,16.0,29.0,.235,2024
Wisconsin,36,22,14,.611,16.01,11.35,,11,9,,14,3,,3,9,,2688,2520,,66.0,112.0,.338,.355,.560,52.4,48.1,9.3,4.6,.522,13.0,30.2,.255,2024
Yale,33,23,10,.697,4.63,0.41,,11,3,,9,2,,9,6,,2465,2226,,66.1,111.2,.277,.349,.553,52.8,53.9,9.2,9.6,.528,12.4,28.9,.196,2024
Akron,35,28,7,.800,3.22,-3.75,,17,1,,16,0,,8,4,,2941,2627,,72.5,115.4,.261,.459,.579,52.3,58.6,10.5,9.8,.552,14.0,32.7,.197,2025
Alabama,37,28,9,.757,25.54,16.14,,13,5,,12,3,,9,3,,3355,3007,,76.0,118.5,.393,.466,.596,53.5,55.4,8.1,10.1,.566,14.3,33.7,.283,2025
Alabama State,36,20,16,.556,-8.99,-8.19,,12,6,,8,3,,6,10,,2630,2607,,69.5,104.7,.290,.427,.505,47.7,45.1,11.4,8.2,.475,11.1,28.7,.199,2025
American,35,22,13,.629,-7.64,-6.85,,13,5,,14,2,,5,10,,2406,2370,,64.4,105.2,.299,.454,.556,48.4,52.5,10.0,5.5,.523,15.2,24.5,.226,2025
Arizona,37,24,13,.649,22.94,13.72,,14,6,,13,3,,6,5,,3052,2711,,70.4,116.3,.358,.347,.575,55.0,55.6,10.6,12.1,.533,13.7,36.0,.280,2025
Arkansas,36,22,14,.611,17.09,11.70,,8,10,,14,4,,4,6,,2765,2571,,70.3,108.5,.356,.366,.559,50.1,52.1,10.6,15.0,.522,14.3,28.1,.263,2025
Auburn,38,32,6,.842,28.68,15.13,,15,3,,13,2,,8,2,,3153,2638,,69.2,119.6,.339,.408,.579,52.7,54.9,9.9,15.8,.549,11.7,34.2,.247,2025
Baylor,35,20,15,.571,18.77,13.86,,10,10,,13,3,,3,9,,2664,2443,,65.8,113.6,.301,.398,.548,52.5,53.3,11.3,8.6,.514,13.5,36.6,.225,2025
Brigham Young,36,26,10,.722,19.07,10.21,,14,6,,15,2,,6,5,,2931,2612,,68.1,117.6,.304,.476,.592,54.3,59.6,10.3,10.0,.570,14.9,33.7,.217,2025
Bryant,35,23,12,.657,-1.99,-6.93,,14,2,,12,3,,10,7,,2862,2598,,73.4,111.0,.293,.353,.545,52.9,49.5,9.0,14.4,.516,13.7,34.5,.210,2025
Clemson,34,27,7,.794,17.81,7.51,,18,2,,15,2,,9,3,,2586,2236,,65.0,114.4,.283,.388,.566,52.0,52.0,11.2,10.0,.534,13.6,33.7,.218,2025
Colorado State,36,26,10,.722,13.94,6.05,,16,4,,14,2,,7,4,,2707,2423,,66.3,112.3,.316,.428,.590,52.3,62.3,7.7,7.9,.555,15.3,27.0,.245,2025
Connecticut,35,24,11,.686,17.87,8.87,,14,6,,14,2,,7,4,,2696,2381,,64.6,117.6,.308,.427,.586,54.6,63.5,8.3,17.5,.550,14.5,35.5,.244,2025
Creighton,36,25,11,.694,16.49,11.04,,15,5,,15,2,,6,5,,2717,2521,,67.7,110.7,.286,.489,.586,52.2,63.1,5.3,10.5,.561,16.0,26.4,.208,2025
Drake,35,31,4,.886,9.60,1.27,,17,3,,14,2,,10,1,,2444,2062,,60.2,114.0,.423,.366,.578,54.9,56.0,14.6,8.5,.547,15.5,35.5,.296,2025
Duke,39,35,4,.897,30.72,10.26,,19,1,,17,0,,10,1,,3246,2448,,66.6,125.0,.329,.446,.613,55.2,58.6,10.1,10.9,.579,12.1,34.0,.260,2025
Florida,40,36,4,.900,27.78,12.60,,14,4,,15,1,,7,3,,3391,2784,,70.6,120.1,.349,.437,.580,55.6,52.4,10.5,11.7,.549,13.2,38.5,.254,2025
Georgia,33,20,13,.606,16.36,10.94,,8,10,,15,3,,3,7,,2486,2307,,68.6,109.8,.401,.370,.558,52.8,47.8,11.3,14.5,.521,16.1,36.0,.288,2025
Gonzaga,35,26,9,.743,23.75,7.27,,14,4,,13,2,,8,2,,3024,2447,,70.4,121.5,.307,.336,.597,53.8,62.4,10.5,8.3,.560,11.6,32.5,.246,2025
Grand Canyon,34,26,8,.765,4.97,-2.63,,13,3,,16,1,,5,4,,2661,2362,,72.5,107.5,.439,.341,.554,52.5,51.8,12.6,13.2,.509,15.7,32.6,.321,2025
High Point,35,29,6,.829,5.30,-5.19,,14,2,,16,1,,7,3,,2858,2413,,67.1,121.3,.367,.393,.599,53.7,45.4,9.1,7.8,.564,13.2,35.0,.280,2025
Houston,40,35,5,.875,28.45,13.45,,19,1,,16,1,,10,0,,2946,2346,,62.4,116.2,.272,.347,.547,53.9,45.1,12.2,15.8,.517,11.8,36.9,.201,2025
Illinois,35,22,13,.629,21.59,12.79,,12,8,,13,4,,5,5,,2927,2619,,72.3,114.8,.344,.472,.563,56.0,51.7,5.9,9.2,.524,13.6,35.8,.262,2025
Iowa State,35,25,10,.714,22.33,10.33,,13,7,,15,2,,6,5,,2812,2392,,69.4,114.1,.379,.368,.586,53.0,53.4,13.2,10.1,.549,14.9,32.2,.285,2025
Kansas,34,21,13,.618,20.09,13.56,,11,9,,14,3,,4,8,,2587,2365,,69.2,108.7,.244,.341,.554,52.6,61.2,8.9,12.9,.531,14.7,30.5,.175,2025
Kentucky,36,24,12,.667,21.26,14.04,,10,8,,15,3,,4,6,,3040,2780,,72.2,116.5,.352,.412,.589,51.9,57.0,9.5,11.4,.559,13.2,28.2,.257,2025
Liberty,35,28,7,.800,7.42,-0.99,,13,5,,12,3,,9,2,,2655,2219,,67.1,112.7,.288,.489,.596,48.9,61.4,9.8,7.8,.583,13.7,20.7,.190,2025
Lipscomb,35,25,10,.714,4.39,-4.43,,14,4,,15,3,,10,6,,2752,2371,,68.0,115.2,.305,.474,.591,51.1,55.3,10.1,7.8,.555,12.8,25.4,.242,2025
Louisville,35,27,8,.771,18.49,9.49,,18,2,,14,3,,9,2,,2747,2432,,69.0,113.3,.337,.478,.567,52.7,51.3,9.2,8.1,.532,14.0,31.9,.251,2025
Marquette,34,23,11,.676,18.19,10.37,,13,7,,14,3,,7,6,,2603,2337,,68.1,111.6,.259,.464,.546,48.7,49.5,13.1,10.7,.520,11.8,30.0,.187,2025
Maryland,36,27,9,.750,23.33,9.41,,14,6,,17,2,,5,5,,2919,2418,,70.4,114.8,.331,.354,.570,51.7,49.1,11.2,11.8,.536,12.4,30.7,.248,2025
McNeese,35,28,7,.800,9.14,-1.05,,19,1,,13,1,,10,2,,2680,2256,,66.4,115.3,.349,.368,.569,52.3,50.8,13.6,11.6,.542,13.9,34.9,.243,2025
Memphis,35,29,6,.829,12.15,5.66,,16,2,,13,2,,11,2,,2795,2568,,71.2,111.0,.393,.333,.567,52.1,51.5,10.8,13.3,.535,16.5,35.3,.276,2025
Michigan,37,27,10,.730,20.21,13.69,,14,6,,13,3,,7,3,,2885,2644,,70.7,109.5,.357,.420,.571,53.0,58.0,7.5,9.5,.538,17.0,33.2,.260,2025
Michigan State,37,30,7,.811,22.43,11.89,,17,3,,15,1,,8,2,,2874,2484,,69.0,112.3,.377,.329,.556,56.3,61.1,7.7,13.2,.509,14.0,35.3,.294,2025
Mississippi,36,24,12,.667,18.28,12.80,,10,8,,13,3,,5,6,,2779,2582,,69.2,110.8,.353,.400,.552,47.1,53.2,12.6,11.8,.514,11.4,25.5,.260,2025
Mississippi State,34,21,13,.618,17.14,11.79,,8,10,,10,5,,6,5,,2704,2522,,69.6,113.0,.315,.427,.548,51.5,53.2,13.0,13.8,.519,12.9,33.9,.221,2025
Missouri,34,22,12,.647,19.49,9.49,,10,8,,18,2,,3,7,,2844,2504,,69.8,119.4,.471,.414,.596,50.9,49.7,13.4,7.3,.558,13.4,33.5,.344,2025
Montana,35,25,10,.714,-1.45,-1.60,,15,3,,15,1,,7,8,,2680,2565,,68.0,112.3,.349,.370,.594,49.2,49.2,9.2,8.4,.565,14.4,23.7,.256,2025
Mount St. Mary's,36,23,13,.639,-7.91,-6.48,,12,8,,10,4,,9,8,,2524,2538,,68.0,101.7,.311,.411,.546,52.9,60.4,8.7,8.2,.512,18.9,30.9,.229,2025
New Mexico,35,27,8,.771,15.20,6.52,,17,3,,16,1,,7,4,,2819,2472,,72.8,109.9,.367,.319,.546,52.5,51.6,11.9,13.9,.515,13.4,31.7,.253,2025
Norfolk State,35,24,11,.686,-3.72,-6.65,,11,3,,11,1,,8,9,,2696,2440,,68.2,112.2,.383,.286,.575,51.5,50.0,10.2,9.1,.535,15.6,32.9,.290,2025
North Carolina,37,23,14,.622,17.27,11.22,,13,7,,12,3,,6,6,,2987,2763,,70.7,113.4,.348,.372,.575,52.1,51.7,8.4,9.6,.541,13.3,29.1,.257,2025
Oklahoma,34,20,14,.588,14.86,11.22,,6,12,,12,5,,2,7,,2661,2537,,69.9,112.0,.399,.416,.591,48.3,51.6,11.2,6.8,.544,15.4,26.6,.317,2025
Omaha,35,22,13,.629,-1.61,-2.43,,13,3,,11,2,,7,9,,2707,2634,,69.1,112.0,.363,.394,.563,52.0,49.4,8.6,7.4,.529,13.6,29.7,.262,2025
Oregon,35,25,10,.714,18.00,12.32,,12,8,,12,4,,7,4,,2679,2480,,68.7,110.2,.330,.383,.562,51.5,52.9,10.3,9.9,.525,14.2,30.5,.250,2025
Purdue,36,24,12,.667,20.80,13.91,,13,7,,14,2,,5,6,,2781,2533,,66.2,116.8,.346,.384,.589,51.7,58.3,9.7,5.1,.559,13.7,31.8,.254,2025
Robert Morris,35,26,9,.743,0.40,-4.92,,15,5,,16,2,,8,6,,2694,2485,,68.8,109.8,.375,.366,.550,53.4,60.2,9.1,12.1,.513,15.6,35.5,.270,2025
Saint Francis (PA),34,16,18,.471,-12.76,-7.41,,8,8,,10,4,,6,13,,2415,2433,,67.1,104.0,.233,.421,.557,49.7,53.7,9.1,7.3,.534,16.9,26.1,.169,2025
Saint Mary's,35,29,6,.829,17.43,6.46,,17,1,,16,1,,9,1,,2551,2138,,63.7,113.6,.309,.334,.533,57.5,56.3,9.5,10.6,.504,12.4,39.8,.215,2025
San Diego State,31,21,10,.677,12.77,8.14,,14,6,,12,3,,6,4,,2194,2004,,66.4,105.8,.317,.402,.535,49.8,51.2,11.4,18.6,.509,14.2,29.6,.210,2025
SIU Edwardsville,34,22,12,.647,-6.12,-7.44,,13,7,,12,3,,7,8,,2436,2260,,67.7,105.0,.323,.368,.520,51.5,52.9,9.7,11.5,.492,14.2,31.9,.216,2025
St. John's (NY),36,31,5,.861,21.25,8.56,,18,2,,18,0,,8,2,,2825,2368,,70.1,110.3,.303,.310,.522,53.7,53.6,12.5,14.9,.492,12.6,37.9,.210,2025
Tennessee,38,30,8,.789,24.20,13.25,,12,6,,16,1,,6,5,,2813,2397,,64.9,114.0,.355,.434,.563,53.5,60.6,10.7,15.1,.525,13.7,35.6,.265,2025
Texas,35,19,16,.543,15.65,9.79,,6,12,,11,7,,4,6,,2747,2542,,68.4,113.1,.368,.353,.566,50.7,47.3,9.0,11.6,.526,12.5,29.7,.275,2025
Texas A&M,34,23,11,.676,19.30,13.39,,11,7,,13,3,,5,5,,2537,2336,,67.8,109.2,.413,.377,.517,55.9,47.4,11.1,13.5,.476,14.4,41.4,.286,2025
Texas Tech,37,28,9,.757,23.05,10.62,,15,5,,15,3,,8,2,,2993,2533,,66.5,119.5,.292,.445,.578,53.1,57.2,9.3,8.3,.547,12.1,34.2,.222,2025
Troy,34,23,11,.676,3.55,-2.10,,13,5,,11,4,,9,6,,2495,2235,,67.5,108.7,.379,.449,.541,53.8,55.6,14.0,12.9,.502,16.6,39.0,.272,2025
UC San Diego,35,30,5,.857,12.63,-1.92,,18,2,,13,2,,12,2,,2777,2163,,67.4,117.7,.322,.503,.585,49.7,57.7,14.6,7.1,.555,11.4,26.7,.240,2025
UCLA,34,23,11,.676,19.68,10.71,,13,7,,15,2,,5,5,,2522,2217,,66.2,112.0,.323,.365,.558,50.9,61.1,12.2,11.0,.528,13.7,32.7,.230,2025
UNC Wilmington,35,27,8,.771,2.36,-3.95,,14,4,,15,3,,9,4,,2771,2459,,67.4,116.2,.370,.367,.570,55.0,55.4,9.4,10.3,.531,13.7,36.5,.278,2025
Utah State,34,26,8,.765,13.56,5.35,,15,5,,15,2,,7,4,,2716,2381,,67.2,118.8,.369,.427,.587,52.1,61.2,12.7,9.0,.560,13.6,34.9,.259,2025
Vanderbilt,33,20,13,.606,14.66,10.05,,8,10,,14,3,,3,7,,2604,2452,,69.8,112.6,.334,.404,.552,50.0,50.2,12.8,11.2,.515,12.5,31.6,.249,2025
Virginia Commonwealth,35,28,7,.800,14.45,1.30,,15,3,,15,1,,7,3,,2693,2201,,66.6,115.1,.321,.480,.560,53.3,56.4,12.0,15.3,.526,14.1,36.9,.239,2025
Wisconsin,37,27,10,.730,20.73,11.49,,13,7,,14,3,,6,5,,2964,2622,,68.7,116.3,.342,.482,.584,51.7,54.2,7.5,6.3,.538,12.3,28.0,.282,2025
Wofford,35,19,16,.543,-0.13,-2.34,,10,8,,7,6,,8,8,,2623,2451,,65.2,114.1,.303,.480,.554,55.4,56.0,9.1,8.6,.534,13.9,36.9,.200,2025
Xavier,34,22,12,.647,15.25,8.72,,13,7,,15,2,,5,7,,2656,2434,,69.4,111.7,.367,.376,.584,50.4,62.8,11.1,6.9,.541,14.0,24.4,.289,2025
Yale,30,22,8,.733,6.66,-3.10,,13,1,,11,0,,7,6,,2439,2102,,69.0,117.9,.313,.323,.580,54.8,54.9,8.4,11.7,.552,12.6,33.0,.228,2025
