team,G,wins,losses,win_pct,SRS,SOS,Unnamed: 8_level_1,wins,losses,Unnamed: 11_level_1,wins,losses,Unnamed: 14_level_1,wins,losses,Unnamed: 17_level_1,Tm.,Opp.,Unnamed: 20_level_1,MP,FG,FGA,FG%,3P,3PA,3P%,FT,FTA,FT%,ORB,TRB,AST,STL,BLK,TOV,PF,year
Albany (NY),33,24,9,.727,-0.34,-5.18,,15,1,,12,3,,12,5,,2156,1996,,1325,729,1666,.438,205,572,.358,493,650,.758,334,1111,349,187,53,381,544,2015
Arizona,38,34,4,.895,24.33,7.41,,16,2,,17,0,,8,3,,2911,2268,,1525,1009,2068,.488,193,536,.360,700,974,.719,411,1399,528,275,131,419,681,2015
Arkansas,36,27,9,.750,14.07,6.79,,13,5,,17,2,,7,5,,2787,2525,,1450,978,2196,.445,238,681,.349,593,819,.724,470,1290,579,277,168,430,684,2015
Baylor,34,24,10,.706,17.85,9.33,,11,7,,16,2,,6,5,,2349,2048,,1370,813,1874,.434,236,626,.377,487,723,.674,497,1333,497,263,132,434,565,2015
Belmont,33,22,11,.667,0.35,-2.77,,11,5,,12,2,,7,8,,2450,2330,,1320,858,1803,.476,329,866,.380,405,585,.692,307,1093,504,209,66,451,549,2015
Boise State,34,25,9,.735,10.01,1.38,,14,4,,13,1,,8,5,,2390,2045,,1385,831,1823,.456,297,758,.392,431,591,.729,298,1119,409,206,79,348,582,2015
Brigham Young,35,25,10,.714,13.53,5.02,,13,5,,13,3,,8,3,,2931,2561,,1420,976,2090,.467,300,763,.393,679,886,.766,421,1349,594,257,103,417,721,2015
Buffalo,33,23,10,.697,7.93,1.60,,12,6,,11,2,,9,7,,2462,2253,,1320,837,1922,.435,199,583,.341,589,819,.719,420,1260,433,248,132,378,613,2015
Butler,34,23,11,.676,16.64,8.62,,12,6,,13,3,,7,4,,2346,2073,,1380,814,1882,.433,192,540,.356,526,767,.686,408,1239,387,217,103,376,592,2015
Cincinnati,34,23,11,.676,10.72,4.40,,13,5,,15,3,,6,5,,2113,1898,,1380,761,1705,.446,167,507,.329,424,633,.670,383,1178,394,222,185,432,507,2015
Coastal Carolina,34,24,10,.706,-1.02,-6.18,,12,6,,14,2,,8,7,,2438,2121,,1360,836,1899,.440,228,633,.360,538,780,.690,447,1338,385,240,111,399,559,2015
Davidson,32,24,8,.750,11.97,3.19,,14,4,,14,1,,9,4,,2529,2221,,1285,898,1924,.467,343,877,.391,390,553,.705,335,1144,547,171,93,303,601,2015
Dayton,36,27,9,.750,10.98,4.06,,13,5,,16,0,,5,6,,2439,2190,,1445,810,1755,.462,239,670,.357,580,846,.686,255,1121,490,250,91,415,573,2015
Duke,39,35,4,.897,24.97,9.87,,15,3,,15,1,,9,2,,3091,2502,,1570,1099,2191,.502,283,732,.387,610,873,.699,445,1436,588,278,149,421,607,2015
Eastern Washington,35,26,9,.743,0.79,-3.84,,14,4,,13,2,,11,6,,2820,2588,,1410,977,2045,.478,344,860,.400,522,719,.726,351,1183,454,219,167,376,624,2015
Georgetown,33,22,11,.667,15.48,9.81,,12,6,,13,3,,5,4,,2340,2153,,1340,799,1753,.456,201,569,.353,541,769,.704,367,1152,427,251,156,415,668,2015
Georgia,33,21,12,.636,12.42,8.60,,11,7,,12,4,,8,4,,2250,2124,,1351,747,1730,.432,184,538,.342,572,826,.692,360,1260,411,183,151,420,608,2015
Georgia State,35,25,10,.714,5.47,-2.03,,15,5,,12,1,,8,8,,2499,2184,,1415,902,1878,.480,174,522,.333,521,719,.725,322,1116,479,321,143,366,642,2015
Gonzaga,38,35,3,.921,21.12,5.12,,17,1,,15,1,,11,1,,2989,2343,,1525,1084,2083,.520,264,660,.400,557,806,.691,391,1441,620,226,126,397,637,2015
Hampton,35,17,18,.486,-8.25,-7.08,,8,8,,6,5,,5,12,,2346,2387,,1405,796,1959,.406,194,638,.304,560,859,.652,416,1292,372,235,141,494,752,2015
Harvard,30,22,8,.733,4.47,-0.25,,12,3,,12,2,,9,4,,1926,1727,,1220,671,1548,.433,146,412,.354,438,609,.719,316,1025,384,213,135,349,472,2015
Indiana,34,20,14,.588,12.94,7.20,,9,9,,15,4,,3,6,,2633,2438,,1365,923,1989,.464,319,786,.406,468,651,.719,407,1224,473,170,108,392,606,2015
Iowa,34,22,12,.647,15.83,8.39,,12,6,,14,4,,7,4,,2372,2119,,1370,821,1905,.431,192,576,.333,538,723,.744,422,1274,482,218,158,377,536,2015
Iowa State,34,25,9,.735,17.94,9.15,,12,6,,15,1,,6,5,,2645,2346,,1360,940,1973,.476,263,726,.362,502,721,.696,323,1221,546,218,133,375,527,2015
Kansas,36,27,9,.750,18.47,12.13,,13,5,,15,0,,5,6,,2561,2333,,1445,869,1976,.440,213,562,.379,610,842,.724,426,1364,475,237,175,463,639,2015
Kentucky,39,38,1,.974,28.72,8.67,,18,0,,19,0,,10,0,,2900,2118,,1575,1006,2150,.468,203,582,.349,685,943,.726,491,1482,553,253,268,408,665,2015
Lafayette,33,20,13,.606,-3.37,-3.12,,9,9,,11,5,,9,7,,2426,2409,,1325,872,1799,.485,261,640,.408,421,549,.767,282,1017,514,181,83,366,515,2015
Louisiana State,33,22,11,.667,11.39,5.63,,11,7,,13,4,,8,3,,2423,2233,,1350,892,1962,.455,189,558,.339,450,658,.684,401,1294,516,240,204,476,516,2015
Louisville,36,27,9,.750,18.12,8.98,,12,6,,15,4,,7,3,,2483,2154,,1450,878,2048,.429,198,644,.307,529,792,.668,454,1351,419,283,192,408,623,2015
Manhattan,33,19,14,.576,-1.34,-3.34,,13,7,,9,2,,5,9,,2300,2234,,1340,756,1748,.432,215,640,.336,573,829,.691,345,1065,460,264,92,481,758,2015
Maryland,35,28,7,.800,13.32,7.63,,14,4,,18,1,,6,4,,2417,2218,,1410,781,1777,.440,258,687,.376,597,790,.756,314,1223,376,169,151,431,584,2015
Michigan State,39,27,12,.692,17.46,10.00,,12,6,,12,4,,7,4,,2773,2482,,1605,1014,2181,.465,294,763,.385,451,714,.632,436,1458,646,203,176,441,738,2015
Mississippi,34,21,13,.618,11.39,7.01,,11,7,,9,7,,8,4,,2475,2326,,1369,848,2003,.423,220,662,.332,559,723,.773,430,1284,450,225,128,378,668,2015
NC State,36,22,14,.611,14.11,9.72,,10,8,,14,6,,5,5,,2525,2367,,1450,895,2054,.436,236,661,.357,499,727,.686,435,1369,415,138,184,375,637,2015
New Mexico State,34,23,11,.676,3.71,-3.67,,13,1,,15,2,,6,8,,2316,2033,,1370,808,1748,.462,165,450,.367,535,771,.694,428,1199,406,219,124,470,541,2015
North Carolina,38,26,12,.684,20.63,11.76,,11,7,,10,5,,7,4,,2953,2616,,1530,1099,2309,.476,184,514,.358,571,814,.701,526,1541,661,251,160,481,738,2015
North Dakota State,33,23,10,.697,-1.72,-3.63,,12,4,,14,0,,5,8,,2141,2057,,1335,743,1713,.434,230,600,.383,425,614,.692,274,1098,315,156,123,325,504,2015
North Florida,35,23,12,.657,-0.82,-5.94,,12,2,,12,2,,9,9,,2651,2385,,1400,897,1910,.470,317,810,.391,540,747,.723,339,1219,506,214,146,436,568,2015
Northeastern,35,23,12,.657,2.03,-1.34,,12,6,,9,3,,8,7,,2397,2279,,1415,838,1725,.486,203,526,.386,518,713,.727,297,1160,500,183,129,483,496,2015
Northern Iowa,35,31,4,.886,12.54,2.00,,16,2,,16,0,,9,3,,2281,1912,,1420,776,1618,.480,257,645,.398,472,644,.733,255,1071,413,207,84,363,508,2015
Notre Dame,38,32,6,.842,19.23,7.02,,14,4,,17,2,,7,2,,2963,2499,,1545,1050,2061,.509,302,775,.390,561,756,.742,313,1231,576,256,138,357,540,2015
Ohio State,35,24,11,.686,19.68,7.37,,11,7,,18,2,,4,6,,2635,2204,,1410,964,1995,.483,236,637,.370,471,693,.680,387,1241,534,266,178,396,563,2015
Oklahoma,35,24,11,.686,18.65,9.94,,12,6,,14,1,,5,6,,2501,2196,,1410,885,2035,.435,236,688,.343,495,668,.741,389,1332,430,237,174,419,570,2015
Oklahoma State,32,18,14,.563,12.95,9.63,,8,10,,12,4,,3,8,,2160,2011,,1290,733,1667,.440,226,647,.349,468,645,.726,287,1039,366,253,156,392,614,2015
Oregon,36,26,10,.722,11.43,7.65,,13,5,,17,2,,6,4,,2713,2550,,1460,992,2143,.463,263,726,.362,466,613,.760,372,1298,508,207,157,421,655,2015
Providence,34,22,12,.647,13.71,9.50,,11,7,,13,4,,5,6,,2370,2227,,1370,828,1889,.438,171,546,.313,543,768,.707,411,1228,474,242,155,407,628,2015
Purdue,34,21,13,.618,12.93,7.64,,12,6,,14,3,,4,6,,2375,2195,,1375,827,1840,.449,195,597,.327,524,767,.683,409,1249,505,185,177,444,642,2015
Robert Morris,35,20,15,.571,-3.02,-3.50,,12,6,,10,6,,8,8,,2414,2397,,1410,854,1926,.443,221,590,.375,485,684,.709,367,1162,428,300,100,467,650,2015
San Diego State,36,27,9,.750,11.81,4.24,,14,4,,16,1,,6,5,,2226,1939,,1455,800,1916,.418,189,591,.320,437,694,.630,439,1270,377,247,179,410,506,2015
Southern Methodist,34,27,7,.794,12.94,3.57,,15,3,,16,2,,8,4,,2350,2032,,1365,832,1750,.475,145,400,.363,541,770,.703,388,1244,524,237,146,426,551,2015
St. John's (NY),33,21,12,.636,11.85,9.04,,10,8,,16,4,,4,6,,2343,2240,,1325,835,1890,.442,198,569,.348,475,687,.691,336,1164,408,246,210,352,587,2015
Stephen F. Austin,34,29,5,.853,8.61,-4.20,,17,1,,15,1,,10,3,,2672,2188,,1365,911,1870,.487,262,692,.379,588,799,.736,413,1176,596,259,120,476,734,2015
Texas,34,20,14,.588,16.16,9.07,,8,10,,13,5,,4,7,,2290,2049,,1375,796,1837,.433,212,626,.339,486,671,.724,422,1351,442,128,265,435,555,2015
Texas Southern,35,22,13,.629,-5.98,-6.09,,16,2,,9,1,,10,11,,2390,2386,,1430,818,1840,.445,185,574,.322,569,861,.661,394,1193,375,214,109,454,609,2015
UAB,36,20,16,.556,1.94,1.62,,12,6,,13,4,,3,8,,2476,2452,,1480,873,2042,.428,202,607,.333,528,715,.738,434,1322,516,237,184,482,630,2015
UC Irvine,34,21,13,.618,3.63,0.45,,11,5,,10,3,,6,9,,2295,2113,,1370,854,1851,.461,217,558,.389,370,541,.684,329,1198,480,194,168,396,578,2015
UCLA,36,22,14,.611,12.07,8.27,,11,7,,16,1,,2,8,,2590,2453,,1450,930,2099,.443,223,606,.368,507,750,.676,440,1367,498,238,139,430,645,2015
Utah,35,26,9,.743,20.98,7.42,,13,5,,16,1,,6,5,,2496,1999,,1405,849,1760,.482,264,654,.404,534,760,.703,322,1204,489,208,175,407,581,2015
Valparaiso,34,28,6,.824,6.29,-2.00,,13,3,,15,1,,8,4,,2366,2021,,1365,837,1836,.456,236,620,.381,456,676,.675,397,1276,443,203,157,422,563,2015
Villanova,36,33,3,.917,23.13,7.55,,16,2,,15,0,,9,2,,2754,2193,,1450,916,1951,.470,326,837,.389,596,815,.731,371,1235,570,278,146,382,596,2015
Virginia,34,30,4,.882,21.73,7.81,,16,2,,15,1,,11,1,,2224,1751,,1370,804,1758,.457,170,483,.352,446,614,.726,358,1232,430,186,143,316,484,2015
Virginia Commonwealth,36,26,10,.722,12.79,6.10,,12,6,,12,4,,8,4,,2609,2368,,1475,896,2139,.419,293,854,.343,524,797,.657,444,1277,456,342,153,383,690,2015
West Virginia,35,25,10,.714,15.12,9.29,,11,7,,12,3,,5,5,,2542,2338,,1410,872,2138,.408,227,719,.316,571,863,.662,575,1272,494,376,96,453,821,2015
Wichita State,35,30,5,.857,15.56,3.68,,17,1,,15,0,,10,2,,2460,2008,,1410,860,1933,.445,239,670,.357,501,715,.701,415,1245,476,250,134,327,587,2015
Wisconsin,40,36,4,.900,24.61,10.29,,16,2,,15,1,,10,2,,2900,2327,,1610,1014,2115,.479,288,790,.365,584,765,.763,383,1338,504,174,127,296,501,2015
Wofford,35,28,7,.800,2.56,-2.98,,16,2,,13,1,,10,5,,2331,2089,,1400,818,1802,.454,222,596,.372,473,688,.688,324,1139,461,228,87,379,589,2015
Wyoming,35,25,10,.714,3.81,-0.04,,11,7,,17,2,,5,7,,2151,1974,,1430,747,1619,.461,209,642,.326,448,638,.702,216,1047,501,191,102,392,481,2015
Xavier,37,23,14,.622,15.42,9.48,,9,9,,13,3,,5,7,,2712,2492,,1505,956,2011,.475,234,666,.351,566,775,.730,364,1282,596,223,106,447,661,2015
Arizona,34,25,9,.735,18.79,7.23,,12,6,,17,1,,5,5,,2735,2342,,1390,946,1970,.480,221,580,.381,622,863,.721,394,1368,485,164,161,442,621,2016
Austin Peay,36,18,18,.500,-6.04,-2.98,,7,9,,7,7,,7,9,,2740,2765,,1460,945,2049,.461,223,645,.346,627,936,.670,422,1326,479,250,101,502,633,2016
Baylor,34,22,12,.647,16.13,9.76,,10,8,,15,5,,6,5,,2621,2366,,1375,933,2003,.466,210,572,.367,545,752,.725,467,1267,603,269,135,432,660,2016
Buffalo,35,20,15,.571,1.34,0.90,,10,8,,10,5,,5,9,,2709,2634,,1410,915,2096,.437,263,776,.339,616,867,.710,425,1363,441,240,124,475,748,2016
Butler,33,22,11,.667,16.46,7.55,,10,8,,13,3,,5,5,,2638,2344,,1325,918,1969,.466,236,601,.393,566,774,.731,366,1188,468,227,107,335,646,2016
Cal State Bakersfield,33,24,9,.727,2.58,-5.15,,11,3,,14,1,,7,7,,2405,2104,,1330,875,1939,.451,179,524,.342,476,726,.656,414,1263,516,263,165,405,707,2016
California,34,23,11,.676,15.39,7.87,,12,6,,18,0,,4,7,,2545,2289,,1375,890,1931,.461,236,651,.363,529,806,.656,386,1349,430,139,159,419,706,2016
Chattanooga,35,29,6,.829,3.24,-3.46,,15,3,,13,1,,10,4,,2652,2364,,1410,897,1963,.457,262,729,.359,596,811,.735,381,1241,504,272,165,437,596,2016
Cincinnati,33,22,11,.667,15.19,5.25,,12,6,,14,3,,6,6,,2418,2090,,1355,851,1980,.430,252,725,.348,464,658,.705,441,1291,508,257,192,363,513,2016
Colorado,34,22,12,.647,12.04,7.64,,10,8,,16,1,,4,7,,2576,2407,,1370,865,2029,.426,252,647,.389,594,808,.735,446,1434,461,177,167,454,638,2016
Connecticut,36,25,11,.694,15.89,6.28,,11,7,,14,3,,6,4,,2631,2285,,1460,944,2078,.454,255,699,.365,488,615,.793,338,1300,489,210,182,385,657,2016
Dayton,33,25,8,.758,11.34,4.76,,14,4,,14,3,,8,2,,2393,2176,,1335,836,1836,.455,221,643,.344,500,749,.668,327,1265,480,196,145,427,626,2016
Duke,36,25,11,.694,19.23,10.59,,11,7,,15,3,,5,4,,2920,2609,,1450,983,2136,.460,328,851,.385,626,866,.723,426,1296,478,226,154,354,603,2016
FDU,33,18,15,.545,-10.90,-8.31,,11,7,,9,6,,9,8,,2558,2600,,1335,929,2029,.458,238,657,.362,462,663,.697,348,1108,472,250,87,423,720,2016
Florida Gulf Coast,35,21,14,.600,-0.79,-3.82,,8,6,,16,4,,4,8,,2703,2473,,1435,1008,2106,.479,186,527,.353,501,778,.644,417,1422,483,230,141,438,674,2016
Fresno State,35,25,10,.714,5.27,2.24,,13,5,,16,2,,6,7,,2630,2475,,1420,926,2126,.436,219,638,.343,559,805,.694,409,1293,466,295,138,378,764,2016
Gonzaga,36,28,8,.778,16.92,4.23,,15,3,,11,4,,9,2,,2840,2360,,1445,1011,2081,.486,281,738,.381,537,708,.758,382,1426,501,184,111,418,623,2016
Green Bay,36,23,13,.639,1.16,-0.67,,11,7,,11,3,,8,9,,3013,2880,,1455,1048,2350,.446,255,730,.349,662,1007,.657,458,1385,501,358,166,441,724,2016
Hampton,32,21,11,.656,-8.74,-8.45,,13,3,,9,2,,8,7,,2363,2370,,1305,810,1967,.412,206,678,.304,537,815,.659,447,1322,381,169,117,440,649,2016
Hawaii,34,28,6,.824,9.03,-1.04,,13,3,,16,3,,7,2,,2620,2267,,1365,893,1946,.459,237,737,.322,597,873,.684,362,1270,525,257,124,443,695,2016
Holy Cross,35,15,20,.429,-11.20,-6.11,,5,13,,8,6,,5,13,,2267,2445,,1425,775,1879,.412,251,769,.326,466,678,.687,279,1052,480,219,86,386,585,2016
Indiana,35,27,8,.771,19.59,6.90,,15,3,,17,0,,6,4,,2891,2447,,1405,1021,2034,.502,345,831,.415,504,688,.733,414,1288,560,239,137,474,647,2016
Iona,33,22,11,.667,3.59,-1.78,,16,4,,11,2,,8,6,,2628,2451,,1325,919,2011,.457,327,884,.370,463,651,.711,348,1218,551,248,135,422,642,2016
Iowa,33,22,11,.667,17.01,8.71,,12,6,,13,2,,6,5,,2561,2287,,1330,906,2027,.447,269,719,.374,480,669,.717,392,1257,523,223,156,339,538,2016
Iowa State,35,23,12,.657,16.93,10.16,,10,8,,14,2,,4,7,,2862,2625,,1415,1087,2159,.503,293,758,.387,395,563,.702,304,1244,577,218,142,398,542,2016
Kansas,38,33,5,.868,23.87,11.22,,15,3,,16,0,,7,3,,3089,2570,,1540,1092,2207,.495,304,728,.418,601,843,.713,402,1443,604,253,158,478,719,2016
Kentucky,36,27,9,.750,20.23,8.84,,13,5,,17,0,,4,7,,2861,2451,,1455,1028,2149,.478,244,666,.366,561,813,.690,462,1395,512,206,207,389,735,2016
Little Rock,35,30,5,.857,7.12,-1.76,,17,3,,14,0,,12,4,,2487,2129,,1415,886,1958,.453,266,693,.384,449,616,.729,324,1195,451,230,106,355,640,2016
Maryland,36,27,9,.750,16.71,8.31,,12,6,,16,1,,4,6,,2725,2400,,1445,943,1941,.486,267,739,.361,572,745,.768,319,1288,488,210,194,458,605,2016
Miami (FL),35,27,8,.771,18.52,10.69,,13,5,,15,1,,6,5,,2633,2359,,1405,907,1895,.479,241,643,.375,578,772,.749,330,1207,438,215,127,383,581,2016
Michigan,36,23,13,.639,13.75,7.92,,10,8,,13,4,,4,6,,2656,2426,,1445,947,2048,.462,342,901,.380,420,569,.738,290,1152,537,203,81,348,558,2016
Michigan State,35,29,6,.829,22.59,6.94,,13,5,,14,2,,7,3,,2793,2245,,1410,1009,2078,.486,321,739,.434,454,623,.729,427,1454,719,156,177,406,671,2016
Middle Tennessee,35,25,10,.714,2.66,-0.70,,13,5,,11,3,,8,5,,2539,2410,,1405,909,2025,.449,279,716,.390,442,718,.616,369,1283,455,215,123,419,700,2016
North Carolina,40,33,7,.825,23.44,10.69,,14,4,,15,1,,6,5,,3311,2801,,1600,1235,2560,.482,224,685,.327,617,826,.747,568,1624,708,269,177,431,718,2016
Northern Iowa,36,23,13,.639,8.78,4.44,,11,7,,11,3,,6,8,,2475,2303,,1455,849,1864,.455,298,796,.374,479,633,.757,195,1091,429,204,94,357,560,2016
Notre Dame,36,24,12,.667,14.10,9.57,,11,7,,14,2,,5,5,,2704,2541,,1445,972,2042,.476,262,700,.374,498,671,.742,381,1265,480,197,143,359,544,2016
Oklahoma,37,29,8,.784,19.76,11.14,,12,6,,14,1,,7,5,,2948,2629,,1495,1018,2225,.458,382,906,.422,530,734,.722,407,1418,537,247,188,484,630,2016
Oregon,38,31,7,.816,18.05,8.64,,14,4,,18,0,,5,5,,2990,2614,,1525,1041,2230,.467,260,758,.343,648,906,.715,442,1382,517,275,221,431,675,2016
Oregon State,32,19,13,.594,10.39,9.26,,9,9,,12,3,,4,7,,2301,2244,,1280,811,1843,.440,218,587,.371,461,687,.671,337,1102,432,236,106,361,642,2016
Pittsburgh,33,21,12,.636,15.47,8.75,,9,9,,15,4,,3,6,,2476,2220,,1330,878,1919,.458,204,589,.346,516,686,.752,417,1257,547,162,121,384,581,2016
Providence,35,24,11,.686,11.94,8.46,,10,8,,13,4,,7,4,,2577,2455,,1415,881,2093,.421,249,776,.321,566,781,.725,402,1263,550,229,123,397,591,2016
Purdue,35,26,9,.743,20.17,7.46,,12,6,,17,1,,5,5,,2726,2281,,1415,960,2042,.470,268,731,.367,538,723,.744,407,1443,615,147,165,419,607,2016
Saint Joseph's,36,28,8,.778,12.10,4.93,,13,5,,12,4,,10,2,,2780,2522,,1445,976,2153,.453,251,767,.327,577,806,.716,364,1378,534,184,119,355,583,2016
Seton Hall,34,25,9,.735,14.66,8.28,,12,6,,13,3,,7,4,,2522,2305,,1365,892,1999,.446,206,594,.347,532,808,.658,438,1355,455,251,155,469,636,2016
South Dakota State,34,26,8,.765,5.44,-1.22,,12,4,,12,0,,8,7,,2591,2316,,1360,877,1950,.450,255,715,.357,582,783,.743,381,1279,381,169,84,399,670,2016
Southern,35,22,13,.629,-7.68,-9.37,,11,7,,12,1,,6,10,,2534,2406,,1400,909,2046,.444,211,610,.346,505,754,.670,365,1258,381,258,123,391,680,2016
Southern California,34,21,13,.618,13.52,7.64,,9,9,,16,2,,3,7,,2737,2537,,1380,982,2138,.459,266,688,.387,507,750,.676,401,1337,504,215,181,415,590,2016
Stephen F. Austin,34,28,6,.824,9.23,-5.47,,18,0,,14,0,,9,4,,2728,2153,,1360,972,2032,.478,269,741,.363,515,701,.735,405,1188,635,310,122,411,700,2016
Stony Brook,33,26,7,.788,3.75,-5.28,,14,2,,15,1,,11,5,,2515,2115,,1325,933,1992,.468,220,598,.368,429,637,.673,426,1312,541,204,150,379,523,2016
Syracuse,37,23,14,.622,14.62,9.75,,9,9,,13,4,,3,8,,2589,2409,,1495,884,2080,.425,315,876,.360,506,736,.688,445,1319,493,300,162,440,598,2016
Temple,33,21,12,.636,7.69,6.57,,14,4,,11,3,,8,4,,2267,2230,,1345,822,2021,.407,255,757,.337,368,538,.684,371,1225,445,173,103,305,535,2016
Texas,33,20,13,.606,14.80,11.71,,11,7,,14,3,,5,5,,2355,2253,,1330,814,1884,.432,232,681,.341,495,743,.666,363,1139,377,167,144,341,688,2016
Texas A&M,37,28,9,.757,18.45,8.45,,13,5,,17,1,,5,5,,2828,2458,,1500,991,2208,.449,281,824,.341,565,841,.672,477,1461,612,260,133,434,668,2016
Texas Tech,32,19,13,.594,12.41,10.25,,9,9,,14,3,,3,7,,2305,2236,,1295,785,1754,.448,185,534,.346,550,741,.742,326,1086,418,190,134,385,589,2016
Tulsa,32,20,12,.625,9.79,5.76,,12,6,,12,3,,6,5,,2356,2227,,1290,821,1849,.444,219,671,.326,495,731,.677,323,1123,435,216,88,346,563,2016
UNC Asheville,34,22,12,.647,1.10,-3.25,,12,6,,11,3,,6,7,,2552,2313,,1370,898,1973,.455,195,603,.323,561,808,.694,396,1278,422,312,112,444,587,2016
UNC Wilmington,33,25,8,.758,6.25,0.35,,14,4,,12,2,,8,5,,2620,2379,,1335,928,2039,.455,230,677,.340,534,760,.703,397,1237,438,246,143,374,793,2016
Utah,36,27,9,.750,15.50,8.79,,13,5,,16,1,,5,5,,2778,2502,,1460,977,2000,.489,273,746,.366,551,764,.721,347,1335,557,199,149,451,549,2016
Vanderbilt,33,19,14,.576,17.20,8.68,,11,7,,14,2,,3,9,,2506,2225,,1330,857,1879,.456,273,714,.382,519,747,.695,313,1273,487,139,182,386,632,2016
Villanova,40,35,5,.875,24.08,9.71,,16,2,,15,1,,10,2,,3118,2543,,1605,1086,2247,.483,347,959,.362,599,766,.782,351,1385,637,282,136,440,681,2016
Virginia,37,29,8,.784,22.04,11.12,,13,5,,15,0,,5,6,,2626,2222,,1485,964,1964,.491,224,557,.402,474,630,.752,323,1189,551,199,119,345,596,2016
Virginia Commonwealth,36,25,11,.694,13.83,4.35,,14,4,,15,2,,7,4,,2781,2440,,1450,1010,2238,.451,262,745,.352,499,721,.692,447,1347,515,309,135,405,706,2016
Weber State,35,26,9,.743,0.18,-5.13,,15,3,,13,1,,6,7,,2662,2344,,1420,908,1885,.482,291,785,.371,555,821,.676,300,1296,477,175,119,462,611,2016
West Virginia,35,26,9,.743,21.61,9.78,,13,5,,13,2,,7,4,,2749,2335,,1410,943,2102,.449,209,643,.325,654,972,.673,558,1380,510,343,93,498,819,2016
Wichita State,35,26,9,.743,17.39,4.24,,16,2,,14,1,,9,3,,2535,2066,,1410,867,2023,.429,250,771,.324,551,768,.717,408,1305,489,255,125,346,705,2016
Wisconsin,35,22,13,.629,13.40,9.40,,12,6,,13,5,,6,5,,2373,2233,,1410,816,1917,.426,229,656,.349,512,728,.703,398,1228,400,205,114,386,588,2016
Xavier,34,28,6,.824,18.58,8.43,,14,4,,15,1,,8,3,,2737,2392,,1360,928,2054,.452,255,702,.363,626,857,.730,436,1387,548,246,101,429,678,2016
Yale,30,23,7,.767,9.08,-1.03,,13,1,,12,0,,9,6,,2248,1914,,1205,795,1693,.470,190,523,.363,468,699,.670,407,1208,452,170,137,398,530,2016
Arizona,37,32,5,.865,18.25,7.63,,16,2,,15,1,,9,1,,2833,2440,,1480,977,2048,.477,244,625,.390,635,830,.765,380,1358,501,201,119,413,625,2017
Arkansas,36,26,10,.722,14.04,8.60,,12,6,,15,3,,6,5,,2855,2659,,1440,997,2165,.461,233,638,.365,628,825,.761,401,1298,497,278,170,428,739,2017
Baylor,35,27,8,.771,19.75,11.87,,12,6,,15,2,,6,4,,2550,2228,,1400,921,1956,.471,230,641,.359,478,661,.723,451,1329,544,180,166,469,617,2017
Bucknell,35,26,9,.743,5.89,-2.48,,15,3,,14,2,,9,6,,2669,2376,,1400,942,1961,.480,286,754,.379,497,730,.681,302,1203,510,252,134,466,655,2017
Butler,34,25,9,.735,17.70,10.23,,12,6,,13,3,,7,4,,2595,2341,,1370,906,1898,.477,261,714,.366,522,704,.741,287,1091,453,206,96,346,640,2017
Cincinnati,36,30,6,.833,18.43,5.49,,16,2,,18,0,,8,3,,2674,2208,,1450,969,2116,.458,264,764,.346,472,688,.686,437,1328,557,261,173,361,566,2017
Creighton,35,25,10,.714,17.27,8.95,,10,8,,13,4,,7,4,,2864,2549,,1400,1078,2137,.504,304,766,.397,404,592,.682,289,1223,598,213,102,435,582,2017
Dayton,32,24,8,.750,12.98,4.27,,15,3,,15,1,,7,3,,2428,2126,,1285,820,1763,.465,258,671,.385,530,768,.690,277,1097,500,249,128,376,601,2017
Duke,37,28,9,.757,21.56,10.91,,11,7,,15,1,,4,6,,2991,2597,,1480,1019,2144,.475,311,822,.378,642,842,.762,390,1341,484,226,172,421,675,2017
East Tennessee State,35,27,8,.771,7.31,-2.11,,14,4,,13,2,,8,5,,2782,2438,,1415,960,1967,.488,265,693,.382,597,850,.702,357,1269,516,293,162,519,698,2017
Florida,36,27,9,.750,22.40,11.01,,14,4,,9,1,,8,4,,2804,2394,,1455,953,2118,.450,278,776,.358,620,851,.729,416,1331,450,272,167,431,661,2017
Florida Gulf Coast,34,26,8,.765,2.26,-3.42,,12,2,,16,3,,10,3,,2701,2356,,1370,1007,2017,.499,221,636,.347,466,664,.702,379,1269,527,207,116,421,635,2017
Florida State,35,26,9,.743,18.87,8.87,,12,6,,18,0,,3,6,,2873,2523,,1400,1036,2146,.483,233,671,.347,568,824,.689,409,1324,511,259,180,415,684,2017
Gonzaga,39,37,2,.949,25.26,4.13,,17,1,,15,1,,9,0,,3222,2398,,1560,1149,2280,.504,286,749,.382,638,890,.717,378,1587,595,265,183,448,660,2017
Iona,35,22,13,.629,1.08,-2.47,,12,8,,8,4,,7,7,,2813,2689,,1415,979,2155,.454,342,862,.397,513,668,.768,337,1250,541,239,108,421,669,2017
Iowa State,35,24,11,.686,20.51,11.94,,12,6,,12,3,,5,6,,2829,2529,,1425,1031,2186,.472,344,860,.400,423,604,.700,318,1219,553,272,124,355,557,2017
Jacksonville State,35,20,15,.571,-2.85,-3.24,,9,7,,5,5,,10,9,,2434,2378,,1410,857,1869,.459,258,685,.377,462,647,.714,355,1244,493,157,134,477,628,2017
Kansas,36,31,5,.861,23.53,12.23,,16,2,,14,1,,10,1,,2995,2588,,1455,1071,2193,.488,318,787,.404,535,789,.678,428,1393,584,250,162,456,639,2017
Kansas State,35,21,14,.600,14.80,10.48,,8,10,,11,5,,5,6,,2523,2372,,1405,869,1883,.461,247,683,.362,538,775,.694,330,1132,521,271,130,453,630,2017
Kent State,36,22,14,.611,0.88,-1.63,,10,8,,10,6,,7,5,,2772,2628,,1465,986,2302,.428,257,803,.320,543,755,.719,539,1454,449,230,134,465,685,2017
Kentucky,38,32,6,.842,23.88,10.49,,16,2,,15,2,,7,3,,3225,2716,,1525,1134,2396,.473,267,757,.353,690,980,.704,470,1512,585,229,200,443,716,2017
Louisville,34,25,9,.735,22.47,11.15,,12,6,,16,1,,5,5,,2628,2243,,1370,952,2085,.457,238,670,.355,486,708,.686,457,1343,461,227,186,374,652,2017
Marquette,32,19,13,.594,15.26,8.60,,10,8,,14,3,,4,6,,2631,2418,,1285,919,1888,.487,336,783,.429,457,585,.781,280,1058,525,231,115,396,620,2017
Maryland,33,24,9,.727,12.79,8.29,,12,6,,13,5,,8,2,,2438,2246,,1325,827,1840,.449,272,757,.359,512,732,.699,351,1173,472,180,154,426,613,2017
Miami (FL),33,21,12,.636,14.48,9.57,,10,8,,14,2,,4,6,,2278,2116,,1325,813,1800,.452,209,587,.356,443,617,.718,363,1176,389,213,125,417,513,2017
Michigan,38,26,12,.684,18.80,10.17,,10,8,,15,3,,3,8,,2851,2523,,1535,1002,2076,.483,361,937,.385,486,624,.779,280,1111,527,220,108,348,571,2017
Michigan State,35,20,15,.571,13.67,10.50,,10,8,,14,2,,2,7,,2515,2404,,1405,905,1927,.470,273,732,.373,432,646,.669,328,1275,591,151,162,490,699,2017
Middle Tennessee,36,31,5,.861,9.80,-0.48,,17,1,,13,2,,11,2,,2697,2299,,1445,1014,2077,.488,228,622,.367,441,631,.699,355,1273,552,242,100,374,655,2017
Minnesota,34,24,10,.706,14.56,8.82,,11,7,,17,3,,5,5,,2556,2361,,1390,887,2037,.435,209,610,.343,573,806,.711,378,1341,507,194,227,393,577,2017
Mount St. Mary's,36,20,16,.556,-4.29,-3.51,,14,4,,11,4,,8,11,,2446,2474,,1445,877,1977,.444,261,730,.358,431,640,.673,276,1082,403,222,142,472,640,2017
Nevada,35,28,7,.800,10.49,2.03,,14,4,,13,1,,8,4,,2792,2496,,1405,933,2082,.448,320,837,.382,606,859,.705,386,1351,559,189,152,386,581,2017
New Mexico State,34,28,6,.824,4.66,-3.82,,11,3,,17,1,,8,4,,2678,2310,,1365,913,1957,.467,252,747,.337,600,843,.712,436,1339,505,166,128,465,627,2017
New Orleans,32,20,12,.625,-4.10,-5.34,,13,5,,11,3,,7,8,,2331,2215,,1300,830,1755,.473,139,438,.317,532,749,.710,386,1140,500,252,97,534,562,2017
North Carolina,40,33,7,.825,24.84,11.76,,14,4,,16,0,,6,5,,3377,2824,,1605,1226,2633,.466,283,798,.355,642,916,.701,630,1748,722,283,139,473,711,2017
North Carolina Central,34,25,9,.735,-3.18,-12.12,,13,3,,11,2,,11,6,,2542,2159,,1360,910,2005,.454,255,761,.335,467,684,.683,397,1313,480,209,112,406,587,2017
North Dakota,32,22,10,.688,-1.83,-5.45,,14,4,,11,2,,7,6,,2578,2357,,1300,926,1919,.483,228,585,.390,498,698,.713,297,1146,487,251,93,419,672,2017
Northern Kentucky,35,24,11,.686,-0.17,-2.84,,12,6,,12,2,,8,7,,2659,2507,,1400,928,2037,.456,300,859,.349,503,740,.680,391,1319,486,200,98,468,622,2017
Northwestern,36,24,12,.667,14.02,8.43,,10,8,,14,4,,5,5,,2558,2357,,1440,913,2092,.436,255,745,.342,477,638,.748,386,1304,541,189,175,383,691,2017
Notre Dame,36,26,10,.722,17.81,9.78,,12,6,,16,2,,5,4,,2783,2494,,1445,980,2139,.458,334,869,.384,489,611,.800,334,1212,566,255,134,341,533,2017
Oklahoma State,33,20,13,.606,19.19,12.22,,9,9,,11,5,,7,5,,2828,2589,,1320,957,2050,.467,294,732,.402,620,786,.789,454,1215,486,252,99,432,730,2017
Oregon,39,33,6,.846,20.80,8.38,,16,2,,17,0,,7,3,,3076,2565,,1565,1091,2270,.481,334,880,.380,560,787,.712,412,1431,614,253,248,454,614,2017
Princeton,30,23,7,.767,6.57,-1.84,,14,0,,10,1,,10,4,,2149,1843,,1205,772,1716,.450,298,789,.378,307,416,.738,247,1003,426,200,93,298,482,2017
Providence,33,20,13,.606,11.24,7.84,,10,8,,15,3,,4,7,,2319,2207,,1325,804,1795,.448,239,645,.371,472,683,.691,294,1101,471,218,98,412,569,2017
Purdue,35,27,8,.771,20.13,8.79,,14,4,,15,2,,6,4,,2790,2393,,1415,980,2044,.479,315,782,.403,515,680,.757,344,1322,640,181,87,455,552,2017
Rhode Island,35,25,10,.714,12.88,4.62,,13,5,,13,3,,7,5,,2577,2288,,1405,916,2019,.454,217,653,.332,528,791,.668,409,1301,467,227,206,389,725,2017
Saint Mary's,34,29,5,.853,16.75,2.19,,16,2,,15,2,,10,1,,2449,1954,,1360,892,1797,.496,293,744,.394,372,499,.745,324,1205,563,143,110,365,512,2017
Seton Hall,33,21,12,.636,12.10,9.25,,10,8,,12,2,,4,6,,2417,2323,,1335,872,1949,.447,202,598,.338,471,733,.643,439,1311,405,228,82,449,613,2017
South Carolina,37,26,11,.703,17.52,10.16,,12,6,,15,3,,6,5,,2707,2414,,1505,924,2197,.421,248,733,.338,611,874,.699,464,1346,468,288,142,480,751,2017
South Dakota State,35,18,17,.514,-2.30,-0.66,,8,8,,11,2,,3,12,,2683,2697,,1415,881,1938,.455,318,883,.360,603,782,.771,316,1229,459,180,83,453,584,2017
Southern California,36,26,10,.722,11.48,6.40,,10,8,,14,3,,6,5,,2816,2633,,1445,975,2139,.456,283,782,.362,583,787,.741,387,1286,550,252,190,398,571,2017
Southern Methodist,35,30,5,.857,18.71,4.45,,17,1,,18,0,,8,3,,2599,2100,,1400,914,1934,.473,286,705,.406,485,696,.697,416,1335,566,200,117,377,506,2017
Texas Southern,35,23,12,.657,-6.41,-7.81,,16,2,,10,0,,11,11,,2593,2544,,1410,866,2017,.429,205,695,.295,656,892,.735,401,1228,411,251,110,407,607,2017
Troy,37,22,15,.595,-0.47,-3.36,,10,8,,10,4,,6,10,,2889,2667,,1485,982,2153,.456,311,867,.359,614,847,.725,409,1362,484,221,129,462,654,2017
UC Davis,36,23,13,.639,-5.21,-4.68,,11,5,,11,0,,6,9,,2525,2506,,1455,873,2008,.435,221,635,.348,558,828,.674,364,1280,461,202,118,513,688,2017
UCLA,36,31,5,.861,20.67,6.39,,15,3,,16,1,,8,2,,3233,2719,,1440,1210,2320,.522,354,872,.406,459,622,.738,343,1386,771,212,191,404,583,2017
UNC Wilmington,35,29,6,.829,8.06,-0.55,,15,3,,13,1,,11,3,,2967,2624,,1405,1071,2231,.480,336,917,.366,489,708,.691,422,1261,564,234,115,363,699,2017
Vanderbilt,35,19,16,.543,13.69,10.72,,10,8,,11,5,,5,6,,2489,2385,,1405,815,1896,.430,346,921,.376,513,660,.777,286,1208,450,147,133,430,581,2017
Vermont,35,29,6,.829,6.67,-3.27,,16,0,,16,1,,11,3,,2571,2174,,1400,943,1909,.494,229,621,.369,456,651,.700,326,1192,476,199,151,392,555,2017
Villanova,36,32,4,.889,23.80,9.28,,15,3,,14,1,,9,2,,2779,2256,,1440,965,1948,.495,311,843,.369,538,681,.790,316,1208,505,259,109,402,515,2017
Virginia,34,23,11,.676,20.63,10.93,,11,7,,12,4,,7,5,,2246,1916,,1380,839,1823,.460,232,602,.385,336,474,.709,297,1119,473,190,138,324,556,2017
Virginia Commonwealth,35,26,9,.743,11.57,3.77,,14,4,,15,1,,7,4,,2616,2343,,1420,945,2050,.461,199,602,.331,527,747,.705,386,1275,525,263,138,435,728,2017
Virginia Tech,33,22,11,.667,12.77,8.38,,10,8,,15,2,,4,6,,2610,2465,,1330,887,1813,.489,290,720,.403,546,741,.737,240,1068,497,131,91,398,543,2017
Wake Forest,33,19,14,.576,14.19,9.80,,9,9,,11,3,,5,8,,2733,2588,,1320,923,1955,.472,268,697,.385,619,795,.779,349,1199,512,183,121,389,668,2017
West Virginia,37,28,9,.757,24.45,9.67,,12,6,,16,2,,6,4,,3014,2467,,1505,1059,2333,.454,275,759,.362,621,907,.685,534,1387,607,371,176,455,756,2017
Wichita State,36,31,5,.861,21.24,2.96,,17,1,,16,1,,9,1,,2916,2246,,1440,992,2114,.469,310,769,.403,622,848,.733,434,1472,586,235,140,406,676,2017
Winthrop,33,26,7,.788,1.34,-6.12,,15,3,,13,3,,12,3,,2615,2322,,1350,891,1957,.455,313,839,.373,520,725,.717,316,1224,423,216,169,430,605,2017
Wisconsin,37,27,10,.730,19.40,9.40,,12,6,,15,2,,5,5,,2678,2308,,1500,971,2135,.455,283,788,.359,453,703,.644,460,1377,504,250,130,411,602,2017
Xavier,38,24,14,.632,14.80,11.51,,9,9,,12,4,,4,8,,2836,2711,,1525,981,2148,.457,267,775,.345,607,882,.688,451,1416,560,228,100,478,711,2017
Alabama,36,20,16,.556,12.34,10.64,,8,10,,12,4,,2,8,,2604,2543,,1440,910,1975,.461,229,702,.326,555,828,.670,360,1290,458,228,192,513,676,2018
Arizona,35,27,8,.771,15.67,6.84,,14,4,,15,1,,8,3,,2818,2509,,1420,1009,2003,.504,237,642,.369,563,741,.760,353,1277,531,173,158,426,603,2018
Arizona State,32,20,12,.625,14.37,6.55,,8,10,,13,4,,4,6,,2645,2395,,1290,888,1920,.463,288,793,.363,581,793,.733,315,1126,458,209,114,343,604,2018
Arkansas,35,23,12,.657,14.76,9.85,,10,8,,15,2,,3,7,,2819,2647,,1415,1005,2119,.474,269,681,.395,540,793,.681,351,1208,501,218,163,381,700,2018
Auburn,34,26,8,.765,15.97,7.29,,13,5,,15,1,,7,4,,2783,2488,,1360,906,2102,.431,324,908,.357,647,836,.774,407,1290,481,252,180,411,672,2018
Bucknell,35,25,10,.714,4.49,-3.46,,16,2,,15,1,,10,8,,2837,2559,,1420,965,2050,.471,280,804,.348,627,872,.719,325,1281,505,194,152,437,655,2018
Buffalo,36,27,9,.750,7.99,0.25,,15,3,,14,1,,8,5,,3047,2742,,1455,1105,2334,.473,351,948,.370,486,695,.699,430,1388,597,225,146,446,755,2018
Butler,35,21,14,.600,16.92,10.55,,9,9,,14,3,,3,7,,2763,2540,,1430,1020,2155,.473,287,805,.357,436,562,.776,324,1198,489,232,100,391,642,2018
Cal State Fullerton,32,20,12,.625,-0.93,-1.03,,10,6,,9,4,,7,7,,2318,2245,,1290,804,1721,.467,167,500,.334,543,745,.729,280,1123,403,201,106,455,578,2018
Cincinnati,36,31,5,.861,20.25,3.53,,16,2,,15,1,,9,2,,2673,2071,,1440,944,2100,.450,262,742,.353,523,756,.692,479,1413,570,256,194,404,561,2018
Clemson,35,25,10,.714,17.16,9.25,,11,7,,15,1,,4,6,,2584,2307,,1410,899,1971,.456,288,786,.366,498,660,.755,313,1256,463,198,169,414,564,2018
College of Charleston,34,26,8,.765,1.83,-3.29,,14,4,,14,0,,7,6,,2536,2331,,1385,875,1905,.459,259,720,.360,527,699,.754,286,1129,387,177,119,339,563,2018
Creighton,33,21,12,.636,16.35,8.10,,10,8,,16,2,,4,7,,2756,2444,,1330,1008,2050,.492,343,923,.372,397,531,.748,249,1206,588,187,88,371,501,2018
Davidson,33,21,12,.636,11.02,2.57,,13,5,,11,1,,6,8,,2519,2240,,1335,899,1874,.480,353,907,.389,368,461,.798,229,1078,551,155,65,315,503,2018
Duke,37,29,8,.784,24.43,9.70,,13,5,,15,1,,6,5,,3121,2576,,1490,1125,2288,.492,309,831,.372,562,791,.710,496,1519,648,275,185,460,574,2018
Florida,34,21,13,.618,16.66,10.08,,11,7,,12,5,,5,4,,2577,2353,,1375,893,2065,.432,308,832,.370,483,673,.718,367,1198,445,237,164,335,591,2018
Florida State,35,23,12,.657,15.78,8.50,,9,9,,13,2,,4,7,,2806,2551,,1420,994,2125,.468,273,781,.350,543,786,.691,398,1322,523,241,186,456,652,2018
Georgia State,35,24,11,.686,3.22,-2.78,,12,6,,11,3,,9,6,,2614,2356,,1415,937,2033,.461,323,839,.385,417,615,.678,309,1182,455,256,160,395,639,2018
Gonzaga,37,32,5,.865,18.44,2.60,,17,1,,15,1,,10,1,,3091,2505,,1500,1125,2261,.498,328,891,.368,513,725,.708,413,1477,564,234,134,420,631,2018
Houston,35,27,8,.771,15.99,4.16,,14,4,,15,0,,6,5,,2685,2271,,1400,952,2066,.461,297,768,.387,484,674,.718,408,1352,505,218,106,418,737,2018
Iona,34,20,14,.588,0.75,-2.19,,11,7,,8,3,,7,8,,2702,2602,,1385,957,2076,.461,324,846,.383,462,626,.738,291,1146,542,229,103,395,587,2018
Kansas,39,31,8,.795,21.39,11.88,,13,5,,14,3,,8,3,,3174,2803,,1565,1165,2366,.492,391,974,.401,453,640,.708,381,1388,649,254,160,456,597,2018
Kansas State,37,25,12,.676,12.85,8.74,,10,8,,14,3,,6,5,,2630,2478,,1485,937,2025,.463,254,745,.341,502,684,.734,304,1136,510,294,110,423,684,2018
Kentucky,37,26,11,.703,17.24,10.73,,10,8,,16,2,,4,6,,2840,2599,,1485,998,2115,.472,195,546,.357,649,930,.698,441,1431,489,208,176,480,702,2018
Lipscomb,33,23,10,.697,-2.10,-3.80,,10,4,,13,2,,10,7,,2708,2564,,1340,924,2040,.453,267,813,.328,593,826,.718,346,1276,517,216,102,493,656,2018
Long Island University,35,18,17,.514,-8.60,-8.19,,10,8,,12,4,,5,11,,2696,2674,,1405,935,2055,.455,279,815,.342,547,786,.696,370,1327,442,194,111,496,687,2018
Loyola (IL),38,32,6,.842,10.37,1.80,,15,3,,14,1,,9,4,,2721,2377,,1520,995,1963,.507,277,700,.396,454,626,.725,238,1222,594,241,90,472,528,2018
Marshall,36,25,11,.694,4.21,0.44,,12,6,,15,2,,6,8,,3017,2849,,1455,1042,2232,.467,362,1012,.358,571,747,.764,293,1287,615,252,209,476,617,2018
Maryland-Baltimore County,36,25,11,.694,-2.02,-3.84,,12,4,,15,2,,9,7,,2630,2466,,1440,926,2088,.443,364,940,.387,414,641,.646,348,1245,547,269,87,440,592,2018
Miami (FL),32,22,10,.688,12.83,6.96,,11,7,,11,3,,8,4,,2361,2173,,1290,875,1881,.465,247,678,.364,362,547,.662,318,1113,424,210,130,367,518,2018
Michigan,41,33,8,.805,19.03,9.41,,13,5,,15,1,,6,5,,3019,2596,,1655,1092,2335,.468,361,1011,.357,474,717,.661,345,1367,585,261,126,379,643,2018
Michigan State,35,30,5,.857,22.41,7.10,,16,2,,16,1,,8,1,,2807,2271,,1405,991,1996,.496,290,725,.400,535,716,.747,405,1439,670,143,251,459,640,2018
Missouri,33,20,13,.606,13.81,9.19,,10,8,,13,3,,5,6,,2399,2246,,1330,794,1765,.450,306,799,.383,505,688,.734,333,1225,443,170,140,469,594,2018
Montana,34,26,8,.765,6.29,-2.24,,16,2,,14,0,,8,6,,2625,2329,,1380,944,2021,.467,186,549,.339,551,780,.706,402,1258,428,264,114,422,716,2018
Murray State,32,26,6,.813,6.87,-3.53,,16,2,,14,2,,10,3,,2515,2117,,1280,870,1803,.483,271,719,.377,504,687,.734,341,1186,471,216,104,384,559,2018
NC State,33,21,12,.636,12.91,6.70,,11,7,,16,3,,4,5,,2682,2477,,1325,965,2054,.470,263,707,.372,489,703,.696,401,1176,531,244,122,400,609,2018
Nevada,37,29,8,.784,14.44,4.93,,15,3,,14,1,,11,3,,3055,2703,,1500,1049,2238,.469,354,904,.392,603,812,.743,342,1316,598,230,150,357,630,2018
New Mexico State,34,28,6,.824,9.06,-1.10,,12,2,,14,1,,8,3,,2572,2183,,1365,963,2104,.458,258,773,.334,388,603,.643,427,1402,481,189,103,429,604,2018
North Carolina,37,26,11,.703,20.07,11.78,,11,7,,12,3,,6,5,,3018,2711,,1485,1105,2417,.457,305,849,.359,503,677,.743,511,1570,674,213,151,445,587,2018
North Carolina Central,35,19,16,.543,-13.18,-12.31,,9,7,,12,2,,3,13,,2520,2425,,1405,949,2060,.461,212,640,.331,410,597,.687,415,1336,545,179,117,495,650,2018
Ohio State,34,25,9,.735,17.67,9.02,,15,3,,16,2,,6,2,,2591,2297,,1375,951,1980,.480,239,678,.353,450,616,.731,334,1245,499,209,132,399,595,2018
Oklahoma,32,18,14,.563,13.81,10.56,,8,10,,13,2,,2,9,,2718,2614,,1295,954,2063,.462,300,836,.359,510,684,.746,339,1229,479,208,151,428,551,2018
Pennsylvania,33,24,9,.727,2.24,-3.16,,12,2,,11,3,,9,4,,2506,2274,,1355,893,1948,.458,291,831,.350,429,651,.659,283,1239,508,194,92,391,566,2018
Providence,35,21,14,.600,11.12,10.23,,10,8,,13,4,,4,7,,2575,2544,,1425,899,2037,.441,223,671,.332,554,787,.704,369,1247,485,238,128,430,624,2018
Purdue,37,30,7,.811,23.41,8.74,,15,3,,16,1,,8,2,,2974,2431,,1485,1033,2097,.493,353,840,.420,555,747,.743,319,1295,598,211,180,399,580,2018
Radford,36,23,13,.639,-2.62,-4.09,,12,6,,12,2,,7,10,,2422,2336,,1465,850,2000,.425,277,793,.349,445,614,.725,415,1244,442,226,105,441,596,2018
Rhode Island,34,26,8,.765,11.81,4.61,,15,3,,15,1,,7,4,,2583,2338,,1370,954,2096,.455,236,670,.352,439,630,.697,389,1170,520,249,118,362,645,2018
San Diego State,33,22,11,.667,12.23,3.91,,11,7,,13,2,,5,7,,2545,2240,,1320,902,1967,.459,239,709,.337,502,702,.715,366,1250,488,206,107,394,564,2018
Seton Hall,34,22,12,.647,15.67,10.11,,10,8,,14,3,,5,6,,2701,2512,,1370,971,2073,.468,250,685,.365,509,729,.698,416,1302,527,210,117,432,614,2018
South Dakota State,35,28,7,.800,6.84,-0.38,,13,1,,15,0,,8,5,,2958,2599,,1415,1003,2147,.467,374,927,.403,578,759,.762,310,1360,467,172,80,353,562,2018
St. Bonaventure,34,26,8,.765,8.87,2.61,,14,4,,13,1,,9,4,,2620,2407,,1380,884,1959,.451,255,661,.386,597,794,.752,344,1208,472,239,118,391,674,2018
Stephen F. Austin,35,28,7,.800,2.66,-6.47,,14,4,,16,1,,9,5,,2819,2386,,1400,1000,2059,.486,242,651,.372,577,819,.705,402,1248,498,361,107,540,765,2018
Syracuse,37,23,14,.622,12.89,10.02,,8,10,,14,5,,4,6,,2466,2360,,1500,832,1995,.417,208,655,.318,594,807,.736,442,1375,395,258,198,460,611,2018
Tennessee,35,26,9,.743,18.20,10.12,,13,5,,13,2,,8,4,,2584,2301,,1410,885,2012,.440,273,718,.380,541,715,.757,404,1262,550,222,156,422,680,2018
Texas,34,19,15,.559,13.96,10.67,,8,10,,13,4,,3,7,,2450,2338,,1410,882,2010,.439,245,766,.320,441,663,.665,361,1217,394,209,168,399,547,2018
Texas A&M,35,22,13,.629,15.30,10.62,,9,9,,13,3,,4,7,,2631,2467,,1400,976,2121,.460,230,700,.329,449,679,.661,432,1450,538,190,209,476,574,2018
Texas Christian,33,21,12,.636,16.38,9.68,,9,9,,15,3,,3,7,,2708,2487,,1345,979,1973,.496,274,694,.395,476,674,.706,368,1201,615,214,119,419,553,2018
Texas Southern,36,16,20,.444,-7.53,-5.53,,12,6,,8,2,,5,17,,2787,2859,,1450,925,2111,.438,280,781,.359,657,906,.725,372,1301,438,207,145,453,631,2018
Texas Tech,37,27,10,.730,19.38,9.60,,11,7,,17,1,,4,6,,2759,2397,,1490,964,2096,.460,252,702,.359,579,823,.704,407,1332,529,262,158,454,669,2018
UCLA,33,21,12,.636,12.07,6.86,,11,7,,14,2,,3,7,,2679,2507,,1350,927,2014,.460,310,813,.381,515,715,.720,337,1283,495,184,131,399,592,2018
UNC Greensboro,35,27,8,.771,4.54,-3.87,,15,3,,16,1,,8,6,,2562,2189,,1430,924,2075,.445,331,938,.353,383,549,.698,418,1307,487,267,132,481,650,2018
Villanova,40,36,4,.900,26.64,10.24,,14,4,,12,1,,9,3,,3463,2807,,1615,1220,2440,.500,464,1158,.401,559,718,.779,385,1436,655,259,162,426,645,2018
Virginia,34,31,3,.912,22.20,9.05,,17,1,,16,1,,10,1,,2283,1836,,1365,848,1844,.460,247,645,.383,340,451,.754,282,1099,458,232,124,290,480,2018
Virginia Tech,33,21,12,.636,14.35,6.71,,10,8,,14,4,,6,5,,2634,2382,,1335,931,1865,.499,289,745,.388,483,681,.709,246,1078,542,191,74,395,523,2018
West Virginia,37,26,11,.703,19.89,9.38,,11,7,,14,3,,5,5,,2964,2575,,1485,1036,2374,.436,322,911,.353,570,744,.766,521,1401,561,301,192,420,798,2018
Wichita State,33,25,8,.758,16.58,5.46,,14,4,,13,3,,9,2,,2731,2364,,1330,957,2009,.476,300,787,.381,517,700,.739,405,1336,610,154,127,385,580,2018
Wright State,35,25,10,.714,0.58,-3.64,,14,4,,14,2,,8,7,,2500,2307,,1410,873,2019,.432,237,703,.337,517,723,.715,356,1266,460,231,77,459,558,2018
Xavier,35,29,6,.829,19.06,9.43,,15,3,,17,1,,9,2,,2953,2616,,1415,1011,2055,.492,274,736,.372,657,843,.779,345,1342,579,205,109,441,602,2018
Abilene Christian,34,27,7,.794,-1.91,-7.34,,14,4,,13,2,,10,4,,2502,2161,,1370,897,1911,.469,251,660,.380,457,642,.712,325,1110,525,297,93,407,635,2019
Arizona State,34,23,11,.676,10.28,6.04,,12,6,,13,3,,6,5,,2638,2494,,1380,899,2012,.447,240,714,.336,600,882,.680,399,1351,459,213,109,466,675,2019
Auburn,40,30,10,.750,20.84,10.92,,11,7,,15,2,,4,6,,3188,2750,,1615,1097,2439,.450,454,1204,.377,540,760,.711,457,1369,572,369,190,466,731,2019
Baylor,34,20,14,.588,13.38,9.26,,10,8,,13,5,,5,6,,2442,2302,,1365,869,1966,.442,274,803,.341,430,635,.677,450,1281,473,209,159,446,636,2019
Belmont,33,27,6,.818,9.12,-2.60,,16,2,,13,1,,12,3,,2868,2439,,1330,1042,2094,.498,343,922,.372,441,598,.737,286,1275,645,220,125,376,509,2019
Bradley,35,20,15,.571,-0.08,-0.90,,9,9,,10,6,,5,8,,2329,2285,,1405,812,1874,.433,240,653,.368,465,672,.692,313,1195,423,186,132,440,617,2019
Buffalo,36,32,4,.889,15.56,2.62,,16,2,,14,0,,12,3,,3037,2550,,1445,1083,2344,.462,344,1022,.337,527,767,.687,452,1470,599,263,140,433,659,2019
Cincinnati,35,28,7,.800,14.53,5.50,,14,4,,16,2,,7,4,,2510,2194,,1410,872,2018,.432,232,673,.345,534,758,.704,442,1264,466,214,155,365,563,2019
Colgate,35,24,11,.686,1.23,-3.83,,13,5,,15,1,,9,9,,2648,2458,,1415,955,1995,.479,320,815,.393,418,563,.742,322,1240,541,213,121,456,547,2019
Duke,38,32,6,.842,26.90,11.98,,14,4,,15,2,,7,2,,3143,2576,,1525,1157,2418,.478,278,903,.308,551,803,.686,495,1567,606,346,257,488,595,2019
FDU,35,21,14,.600,-6.09,-7.24,,12,6,,13,4,,7,9,,2620,2515,,1420,921,1939,.475,269,672,.400,509,702,.725,323,1155,486,261,132,477,578,2019
Florida,36,20,16,.556,15.42,11.22,,9,9,,9,6,,5,6,,2440,2289,,1455,857,2015,.425,291,872,.334,435,603,.721,375,1201,437,257,131,420,614,2019
Florida State,37,29,8,.784,17.99,10.26,,13,5,,15,1,,6,4,,2771,2485,,1500,960,2171,.442,272,819,.332,579,778,.744,418,1391,475,266,161,492,705,2019
Gardner-Webb,35,23,12,.657,-2.61,-4.43,,11,6,,13,0,,8,9,,2718,2468,,1430,955,1962,.487,281,719,.391,527,741,.711,271,1190,502,238,101,407,561,2019
Georgia State,34,24,10,.706,2.44,0.65,,13,5,,13,1,,7,7,,2598,2491,,1360,903,1968,.459,330,859,.384,462,694,.666,273,1110,415,269,158,391,583,2019
Gonzaga,37,33,4,.892,27.79,5.01,,16,0,,17,0,,9,1,,3243,2400,,1480,1177,2239,.526,287,790,.363,602,791,.761,354,1443,668,278,204,394,603,2019
Houston,37,33,4,.892,18.91,4.61,,16,2,,19,1,,10,1,,2787,2258,,1480,982,2203,.446,333,939,.355,490,697,.703,448,1502,548,240,161,410,705,2019
Iona,33,17,16,.515,-4.78,-5.50,,12,6,,8,3,,5,9,,2532,2508,,1320,857,1897,.452,297,845,.351,521,699,.745,283,1152,432,223,90,406,564,2019
Iowa,35,23,12,.657,14.27,9.84,,10,10,,14,4,,4,6,,2740,2585,,1415,914,2006,.456,285,782,.364,627,849,.739,357,1246,542,211,112,427,565,2019
Iowa State,35,23,12,.657,18.07,9.30,,9,9,,12,4,,5,6,,2692,2385,,1400,974,2047,.476,294,811,.363,450,615,.732,327,1230,527,247,160,379,517,2019
Kansas,36,26,10,.722,18.35,12.79,,12,6,,16,0,,3,8,,2725,2525,,1455,989,2128,.465,260,743,.350,487,691,.705,374,1376,478,243,139,472,610,2019
Kansas State,34,25,9,.735,15.39,9.18,,14,4,,13,2,,7,5,,2236,2025,,1360,806,1878,.429,241,721,.334,383,574,.667,325,1137,464,256,76,385,550,2019
Kentucky,37,30,7,.811,21.43,10.29,,15,3,,17,1,,8,2,,2806,2394,,1490,978,2050,.477,215,607,.354,635,859,.739,427,1428,501,220,176,466,600,2019
Liberty,36,29,7,.806,5.27,-3.88,,14,2,,16,1,,11,3,,2654,2209,,1440,963,1977,.487,322,873,.369,406,524,.775,270,1174,532,223,96,395,543,2019
Louisiana State,35,28,7,.800,16.50,9.16,,16,2,,15,2,,9,1,,2815,2558,,1435,988,2162,.457,236,740,.319,603,802,.752,460,1355,452,308,148,452,634,2019
Louisville,34,20,14,.588,17.28,11.04,,10,8,,14,4,,5,6,,2536,2324,,1380,854,1967,.434,294,860,.342,534,687,.777,345,1297,458,149,99,412,591,2019
Marquette,34,24,10,.706,14.78,6.96,,12,6,,16,3,,6,4,,2629,2363,,1375,893,1969,.454,319,822,.388,524,692,.757,331,1292,456,168,145,467,635,2019
Maryland,34,23,11,.676,16.01,10.09,,13,7,,15,3,,6,5,,2429,2228,,1360,858,1909,.449,247,707,.349,466,627,.743,378,1336,447,148,163,437,526,2019
Michigan,37,30,7,.811,21.82,10.55,,15,5,,17,1,,7,4,,2575,2158,,1480,941,2102,.448,287,839,.342,406,579,.701,299,1307,512,225,149,334,514,2019
Michigan State,39,32,7,.821,24.93,12.34,,16,4,,15,1,,8,4,,3025,2534,,1570,1071,2230,.480,319,844,.378,564,749,.753,414,1579,715,201,205,493,647,2019
Minnesota,36,22,14,.611,12.52,11.27,,9,11,,14,3,,2,9,,2543,2498,,1445,887,2039,.435,191,603,.317,578,848,.682,402,1314,523,175,140,418,578,2019
Mississippi,33,20,13,.606,12.32,8.13,,10,8,,11,5,,6,5,,2485,2347,,1325,876,1906,.460,272,760,.358,461,589,.783,322,1128,475,235,118,416,603,2019
Mississippi State,34,23,11,.676,15.96,9.07,,10,8,,14,3,,5,5,,2628,2394,,1370,936,1982,.472,292,774,.377,464,647,.717,393,1215,481,274,172,451,586,2019
Montana,35,26,9,.743,1.50,-5.05,,16,4,,12,2,,9,5,,2665,2397,,1405,975,1983,.492,287,763,.376,428,621,.689,293,1176,510,229,106,416,655,2019
Murray State,33,28,5,.848,8.96,-3.11,,16,2,,15,1,,10,3,,2727,2255,,1320,988,2007,.492,258,731,.353,493,673,.733,351,1247,591,249,149,401,527,2019
Nevada,34,29,5,.853,16.00,2.68,,15,3,,15,0,,9,3,,2723,2270,,1360,924,1999,.462,297,855,.347,578,816,.708,325,1274,498,211,134,352,584,2019
New Mexico State,35,30,5,.857,10.05,-2.38,,15,1,,16,1,,10,1,,2734,2259,,1405,962,2092,.460,326,977,.334,484,714,.678,445,1343,514,197,91,419,632,2019
North Carolina,36,29,7,.806,23.94,11.35,,16,2,,14,2,,11,1,,3089,2636,,1445,1118,2410,.464,312,862,.362,541,728,.743,477,1589,678,252,120,473,611,2019
North Carolina Central,34,18,16,.529,-11.53,-11.24,,10,6,,10,2,,4,12,,2429,2266,,1365,874,1922,.455,221,693,.319,460,641,.718,399,1265,526,207,93,515,610,2019
North Dakota State,35,19,16,.543,-4.01,-2.07,,9,7,,10,3,,4,9,,2556,2541,,1410,874,1926,.454,332,910,.365,476,613,.777,229,1105,402,160,87,368,523,2019
Northeastern,34,23,11,.676,3.95,-0.70,,14,4,,11,2,,8,6,,2564,2406,,1385,880,1848,.476,328,858,.382,476,634,.751,237,1075,480,211,74,381,539,2019
Northern Kentucky,35,26,9,.743,4.67,-2.39,,13,5,,17,1,,7,7,,2747,2410,,1410,979,2047,.478,306,844,.363,483,725,.666,364,1298,592,218,139,441,664,2019
Ohio State,35,20,15,.571,13.89,11.00,,8,12,,12,6,,4,7,,2419,2318,,1405,839,1931,.434,264,774,.341,477,650,.734,328,1215,494,206,85,438,623,2019
Oklahoma,34,20,14,.588,15.30,12.21,,7,11,,11,4,,5,7,,2423,2318,,1365,883,1975,.447,226,654,.346,431,618,.697,305,1263,430,203,102,401,527,2019
Old Dominion,35,26,9,.743,3.74,-1.18,,13,5,,14,2,,8,4,,2298,2130,,1400,823,2026,.406,264,756,.349,388,585,.663,418,1365,439,197,160,408,580,2019
Oregon,38,25,13,.658,13.95,6.13,,10,8,,13,4,,5,7,,2661,2364,,1530,958,2126,.451,295,840,.351,450,624,.721,361,1307,501,290,162,442,665,2019
Prairie View A&M,35,22,13,.629,-7.29,-9.17,,17,1,,11,0,,9,12,,2627,2547,,1400,903,2061,.438,225,703,.320,596,875,.681,392,1151,445,309,55,445,758,2019
Purdue,36,26,10,.722,21.40,11.99,,16,4,,15,0,,6,6,,2760,2421,,1460,967,2145,.451,365,977,.374,461,641,.719,421,1341,518,220,143,381,625,2019
Saint Louis,36,23,13,.639,5.06,2.23,,10,8,,15,2,,4,8,,2399,2297,,1440,855,2052,.417,205,675,.304,484,809,.598,492,1428,460,254,145,464,634,2019
Saint Mary's,34,22,12,.647,12.58,4.40,,11,5,,14,3,,5,5,,2463,2185,,1365,899,1905,.472,253,670,.378,412,555,.742,329,1180,341,201,87,355,572,2019
Seton Hall,34,20,14,.588,10.25,8.34,,9,9,,11,4,,3,8,,2508,2443,,1375,888,2021,.439,240,741,.324,492,697,.706,361,1213,459,235,132,423,638,2019
St. John's (NY),34,21,13,.618,7.88,5.50,,8,10,,13,4,,4,7,,2623,2542,,1375,944,2100,.450,289,809,.357,446,620,.719,264,1120,472,302,111,357,650,2019
Syracuse,34,20,14,.588,13.73,10.09,,10,8,,13,6,,6,4,,2370,2246,,1365,808,1907,.424,274,824,.333,480,701,.685,363,1174,408,278,162,423,588,2019
Temple,33,23,10,.697,8.17,4.93,,13,5,,13,2,,8,5,,2465,2358,,1340,873,1998,.437,247,748,.330,472,649,.727,316,1136,476,284,73,368,581,2019
Tennessee,37,31,6,.838,21.55,10.16,,15,3,,18,0,,7,3,,3035,2580,,1505,1106,2231,.496,262,714,.367,561,744,.754,379,1391,660,221,199,412,654,2019
Texas Tech,38,31,7,.816,22.79,9.53,,14,4,,17,1,,6,3,,2765,2261,,1530,990,2110,.469,277,759,.365,508,694,.732,315,1297,518,278,186,457,663,2019
UC Irvine,37,31,6,.838,5.70,-2.30,,15,1,,12,2,,13,2,,2675,2353,,1500,987,2159,.457,252,701,.359,449,640,.702,429,1471,479,210,153,441,673,2019
UCF,33,24,9,.727,13.37,5.58,,13,5,,15,2,,5,5,,2385,2128,,1325,819,1763,.465,229,628,.365,518,798,.649,315,1215,439,189,150,393,554,2019
Utah State,35,28,7,.800,11.98,0.89,,15,3,,14,1,,9,4,,2753,2349,,1410,959,2038,.471,274,772,.355,559,747,.748,377,1405,598,215,147,449,649,2019
Vermont,34,27,7,.794,4.88,-4.18,,14,2,,16,2,,11,4,,2508,2143,,1370,864,1887,.458,273,761,.359,507,678,.748,304,1194,399,188,136,377,568,2019
Villanova,36,26,10,.722,14.33,7.97,,13,5,,13,2,,5,7,,2654,2425,,1455,884,2019,.438,380,1081,.352,506,695,.728,368,1253,503,194,106,388,580,2019
Virginia,38,35,3,.921,25.46,10.15,,16,2,,15,1,,10,1,,2714,2132,,1535,974,2056,.474,321,813,.395,445,598,.744,342,1326,544,211,149,342,542,2019
Virginia Commonwealth,33,25,8,.758,11.96,2.87,,16,2,,16,1,,8,4,,2344,2044,,1330,820,1872,.438,235,771,.305,469,669,.701,358,1208,450,263,148,458,650,2019
Virginia Tech,35,26,9,.743,19.28,7.79,,12,6,,14,2,,5,5,,2574,2172,,1410,893,1900,.470,327,831,.394,461,606,.761,310,1142,531,236,78,392,532,2019
Washington,36,27,9,.750,12.01,7.01,,15,3,,15,1,,7,4,,2511,2331,,1445,883,1956,.451,273,780,.350,472,679,.695,334,1129,419,323,206,479,653,2019
Wisconsin,34,23,11,.676,17.90,11.01,,14,6,,12,3,,8,5,,2333,2099,,1385,874,1945,.449,241,672,.359,344,531,.648,283,1197,430,177,140,327,511,2019
Wofford,35,30,5,.857,13.92,0.80,,18,0,,15,1,,11,3,,2879,2295,,1410,1044,2132,.490,385,929,.414,406,577,.704,365,1232,528,233,105,377,589,2019
Yale,30,22,8,.733,5.52,-1.24,,10,4,,11,2,,8,5,,2427,2202,,1215,893,1812,.493,230,634,.363,411,557,.738,259,1157,503,177,131,392,510,2019
Abilene Christian,29,24,5,.828,6.27,-6.37,,13,2,,13,0,,5,4,,2196,1753,,1160,786,1752,.449,221,643,.344,403,594,.678,329,1047,513,282,86,394,554,2021
Alabama,33,26,7,.788,19.58,10.01,,16,2,,12,1,,7,3,,2629,2313,,1325,924,2125,.435,348,989,.352,433,612,.708,408,1343,464,280,143,458,603,2021
Appalachian State,29,17,12,.586,-5.84,-5.72,,7,8,,9,4,,4,7,,2039,1860,,1185,690,1688,.409,233,737,.316,426,574,.742,319,1053,344,230,107,343,394,2021
Arkansas,32,25,7,.781,17.80,7.18,,13,4,,16,1,,5,4,,2604,2264,,1285,935,2071,.451,233,702,.332,501,677,.740,378,1271,466,251,158,412,540,2021
Baylor,30,28,2,.933,24.83,7.40,,13,1,,11,0,,7,1,,2487,1964,,1205,917,1886,.486,299,724,.413,354,500,.708,374,1079,507,267,111,345,513,2021
Brigham Young,27,20,7,.741,15.19,7.23,,10,3,,11,2,,7,2,,2109,1853,,1095,776,1608,.483,236,633,.373,321,443,.725,255,1058,436,124,76,356,486,2021
Clemson,24,16,8,.667,12.49,9.49,,10,6,,11,1,,2,5,,1558,1486,,965,562,1323,.425,198,574,.345,236,307,.769,206,783,319,146,69,303,374,2021
Cleveland State,27,19,8,.704,-5.12,-4.82,,16,4,,9,2,,8,5,,1914,1922,,1105,701,1558,.450,172,535,.321,340,507,.671,284,934,371,188,69,348,524,2021
Colgate,16,14,2,.875,13.66,-1.90,,11,1,,8,1,,6,0,,1363,1114,,645,495,1005,.493,148,367,.403,225,311,.723,152,638,282,113,55,173,259,2021
Colorado,32,23,9,.719,18.88,9.57,,14,6,,11,1,,6,6,,2340,2042,,1280,828,1815,.456,246,661,.372,438,535,.819,312,1113,436,167,88,364,526,2021
Connecticut,23,15,8,.652,15.77,8.59,,11,6,,7,3,,6,3,,1650,1485,,925,602,1388,.434,155,463,.335,291,403,.722,311,879,297,142,121,268,432,2021
Creighton,31,22,9,.710,16.28,8.54,,14,6,,11,3,,7,4,,2355,2115,,1250,878,1862,.472,293,811,.361,306,478,.640,259,1108,485,216,103,341,476,2021
Drake,31,26,5,.839,9.42,-0.48,,15,3,,14,1,,9,2,,2354,1999,,1250,908,1878,.483,218,594,.367,320,449,.713,317,1120,423,216,92,320,487,2021
Drexel,20,12,8,.600,-0.97,-3.92,,4,5,,3,2,,4,5,,1407,1348,,800,514,1100,.467,145,391,.371,234,300,.780,174,677,298,91,48,256,298,2021
Eastern Washington,24,16,8,.667,4.03,-3.15,,12,3,,7,2,,6,5,,1879,1690,,960,667,1425,.468,204,574,.355,341,431,.791,178,848,365,115,70,277,407,2021
Florida,25,15,10,.600,13.70,9.82,,9,7,,6,3,,5,5,,1854,1757,,1005,663,1407,.471,169,475,.356,359,477,.753,245,882,293,180,131,375,464,2021
Florida State,25,18,7,.720,17.12,9.16,,11,4,,12,1,,3,4,,1929,1730,,1010,693,1461,.474,192,510,.376,351,474,.741,272,918,363,182,127,359,459,2021
Georgetown,26,13,13,.500,10.13,10.36,,7,9,,7,6,,2,6,,1857,1863,,1045,644,1521,.423,216,592,.365,353,469,.753,298,1034,333,153,101,395,413,2021
Georgia Tech,26,17,9,.654,12.79,7.91,,11,6,,11,3,,4,5,,1948,1821,,1065,722,1514,.477,192,551,.348,312,430,.726,205,787,412,236,90,290,410,2021
Gonzaga,32,31,1,.969,27.20,5.92,,15,0,,12,0,,7,0,,2911,2230,,1285,1079,1965,.549,240,652,.368,513,703,.730,289,1189,601,254,90,385,521,2021
Grand Canyon,24,17,7,.708,5.11,-3.46,,9,3,,10,3,,5,1,,1812,1491,,960,676,1384,.488,163,496,.329,297,434,.684,254,958,390,116,72,308,412,2021
Hartford,24,15,9,.625,-3.45,-4.95,,8,6,,10,1,,5,6,,1570,1534,,960,562,1305,.431,179,554,.323,267,373,.716,191,798,264,166,54,315,386,2021
Houston,32,28,4,.875,21.66,5.37,,14,3,,15,0,,5,3,,2434,1863,,1280,854,1961,.435,291,823,.354,435,595,.731,458,1296,446,255,149,341,575,2021
Illinois,31,24,7,.774,23.25,11.34,,16,4,,11,2,,9,3,,2497,2128,,1255,909,1819,.500,203,544,.373,476,690,.690,322,1239,506,176,87,404,549,2021
Iona,18,12,6,.667,-1.20,-6.42,,6,3,,4,2,,4,3,,1283,1189,,720,446,1010,.442,132,381,.346,259,348,.744,194,663,245,123,75,281,389,2021
Iowa,31,22,9,.710,21.40,10.43,,14,6,,14,2,,6,4,,2595,2255,,1245,923,1961,.471,301,780,.386,448,627,.715,346,1231,594,173,141,294,461,2021
Kansas,30,21,9,.700,15.29,10.26,,12,6,,14,1,,4,6,,2191,2010,,1205,789,1809,.436,227,663,.342,386,539,.716,333,1124,415,207,119,359,460,2021
Liberty,29,23,6,.793,4.06,-6.14,,11,2,,13,0,,5,3,,2157,1739,,1160,782,1605,.487,297,761,.390,296,381,.777,202,971,458,135,71,289,429,2021
Louisiana State,29,19,10,.655,15.70,9.14,,11,6,,11,2,,4,6,,2371,2181,,1165,836,1823,.459,234,674,.347,465,619,.751,330,1113,351,225,85,329,505,2021
Loyola (IL),31,26,5,.839,15.12,1.37,,16,2,,13,0,,8,3,,2202,1738,,1250,804,1614,.498,221,606,.365,373,519,.719,230,1008,490,215,75,364,444,2021
Maryland,31,17,14,.548,13.94,11.97,,9,11,,11,6,,4,6,,2135,2034,,1240,753,1636,.460,253,708,.357,376,538,.699,195,1013,415,155,103,343,455,2021
Michigan,28,23,5,.821,22.00,11.25,,14,3,,13,1,,6,2,,2123,1822,,1125,771,1598,.482,206,541,.381,373,485,.769,250,1049,443,120,117,315,412,2021
Michigan State,28,15,13,.536,9.80,11.48,,9,11,,12,3,,3,8,,1944,1991,,1125,697,1635,.426,178,555,.321,372,512,.727,304,1048,444,125,132,364,554,2021
Missouri,26,16,10,.615,12.37,10.87,,8,8,,8,4,,6,4,,1909,1870,,1050,668,1497,.446,184,567,.325,389,555,.701,255,928,345,173,92,346,512,2021
Morehead State,31,23,8,.742,-0.95,-4.33,,17,3,,12,1,,8,5,,2132,1986,,1250,765,1651,.463,205,579,.354,397,584,.680,316,1155,397,136,155,477,446,2021
Mount St. Mary's,23,12,11,.522,-5.67,-6.67,,9,7,,6,3,,6,6,,1454,1431,,930,527,1241,.425,152,455,.334,248,370,.670,241,858,266,98,98,297,340,2021
Norfolk State,25,17,8,.680,-6.16,-8.51,,8,4,,7,4,,6,3,,1839,1742,,1005,630,1477,.427,194,528,.367,385,546,.705,248,907,302,163,80,322,481,2021
North Carolina,29,18,11,.621,14.79,9.52,,10,6,,10,1,,3,7,,2181,2028,,1160,801,1826,.439,162,509,.318,417,624,.668,454,1242,443,204,137,423,486,2021
North Texas,28,18,10,.643,7.58,1.02,,9,5,,8,3,,5,6,,1954,1745,,1130,717,1516,.473,214,571,.375,306,411,.745,238,927,373,182,81,360,440,2021
Ohio,25,17,8,.680,5.48,-0.57,,9,5,,8,3,,4,4,,1980,1815,,1000,728,1519,.479,209,593,.352,315,448,.703,240,883,437,161,52,301,396,2021
Ohio State,31,21,10,.677,18.25,12.19,,12,8,,10,4,,7,4,,2392,2204,,1255,819,1786,.459,252,700,.360,502,664,.756,302,1135,406,140,108,329,571,2021
Oklahoma,27,16,11,.593,13.52,8.86,,9,8,,10,3,,4,7,,2012,1886,,1095,722,1630,.443,212,622,.341,356,478,.745,259,965,359,193,98,296,398,2021
Oklahoma State,30,21,9,.700,13.65,9.78,,11,7,,10,3,,8,4,,2297,2181,,1225,816,1780,.458,190,573,.332,475,669,.710,332,1150,385,224,132,467,516,2021
Oral Roberts,29,18,11,.621,1.73,-0.04,,10,5,,8,3,,5,7,,2352,2192,,1165,811,1805,.449,323,850,.380,407,496,.821,237,1006,370,191,111,330,502,2021
Oregon,28,21,7,.750,16.15,9.65,,14,4,,11,2,,7,2,,2097,1915,,1160,779,1652,.472,234,621,.377,305,429,.711,263,926,389,208,103,319,434,2021
Oregon State,33,20,13,.606,11.48,10.82,,10,10,,10,6,,4,6,,2325,2232,,1330,803,1842,.436,230,645,.357,489,642,.762,334,1133,480,191,116,383,620,2021
Purdue,28,18,10,.643,15.55,11.23,,13,6,,11,1,,5,6,,1989,1868,,1130,714,1596,.447,201,603,.333,360,506,.711,312,1054,399,142,98,350,491,2021
Rutgers,28,16,12,.571,14.14,12.50,,10,10,,10,4,,4,6,,1939,1893,,1125,741,1652,.449,172,551,.312,285,448,.636,272,988,384,213,144,321,490,2021
San Diego State,28,23,5,.821,14.36,2.99,,14,3,,13,2,,6,2,,2062,1713,,1125,719,1596,.451,240,651,.369,384,534,.719,274,1003,390,229,78,310,515,2021
Southern California,33,25,8,.758,20.50,10.65,,15,5,,13,2,,7,3,,2473,2148,,1340,904,1916,.472,214,594,.360,451,695,.649,384,1282,458,157,168,408,498,2021
St. Bonaventure,21,16,5,.762,13.44,4.49,,11,4,,8,1,,4,3,,1471,1283,,840,542,1224,.443,134,390,.344,253,343,.738,238,775,306,123,83,225,322,2021
Syracuse,28,18,10,.643,13.27,8.59,,9,7,,13,1,,2,7,,2095,1964,,1125,743,1681,.442,237,678,.350,372,476,.782,285,990,419,227,141,317,409,2021
Tennessee,27,18,9,.667,16.87,8.46,,10,7,,13,3,,4,4,,1941,1714,,1080,682,1554,.439,178,538,.331,399,535,.746,294,968,401,196,130,337,444,2021
Texas,27,19,8,.704,15.51,9.36,,11,6,,8,5,,6,2,,2008,1842,,1095,702,1547,.454,232,652,.356,372,524,.710,291,1036,357,176,110,393,531,2021
Texas Southern,26,17,9,.654,-6.15,-9.03,,10,3,,8,2,,5,6,,1921,1806,,1045,695,1564,.444,117,424,.276,414,592,.699,313,1064,314,182,115,399,465,2021
Texas Tech,29,18,11,.621,16.59,7.28,,9,8,,11,4,,5,4,,2103,1833,,1170,734,1672,.439,185,523,.354,450,634,.710,333,1014,377,207,116,313,502,2021
UC Santa Barbara,27,22,5,.815,7.80,-2.08,,15,3,,11,0,,8,4,,2051,1696,,1090,739,1534,.482,181,522,.347,392,522,.751,251,951,438,199,75,294,429,2021
UCLA,32,22,10,.688,16.30,11.34,,13,6,,11,1,,5,6,,2349,2190,,1325,856,1855,.461,218,586,.372,419,586,.715,312,1117,437,158,89,336,514,2021
UNC Greensboro,30,21,9,.700,3.48,-2.15,,13,5,,7,3,,10,3,,2189,2020,,1205,822,1954,.421,228,763,.299,317,464,.683,377,1174,370,224,115,329,542,2021
Utah State,29,20,9,.690,10.99,1.32,,13,4,,10,2,,5,3,,2105,1808,,1160,773,1732,.446,185,557,.332,374,518,.722,361,1180,469,193,145,403,436,2021
Villanova,25,18,7,.720,17.47,9.19,,11,4,,9,0,,4,4,,1870,1663,,1005,655,1446,.453,229,648,.353,331,434,.763,232,847,374,127,47,227,387,2021
Virginia,25,18,7,.720,15.27,7.59,,13,4,,10,1,,6,3,,1705,1513,,1005,629,1326,.474,212,566,.375,235,288,.816,162,791,345,123,111,229,323,2021
Virginia Commonwealth,26,19,7,.731,11.30,4.76,,10,4,,12,2,,5,3,,1864,1694,,1085,659,1460,.451,168,510,.329,378,497,.761,238,890,347,240,140,380,485,2021
Virginia Tech,22,15,7,.682,12.59,6.50,,9,4,,10,2,,3,3,,1585,1451,,895,558,1240,.450,180,508,.354,289,414,.698,204,760,313,106,85,256,362,2021
West Virginia,29,19,10,.655,15.36,10.05,,11,6,,8,5,,7,2,,2243,2089,,1175,769,1793,.429,216,593,.364,489,680,.719,389,1097,407,220,82,348,473,2021
Wichita State,22,16,6,.727,9.36,6.91,,11,2,,10,2,,5,2,,1572,1469,,890,533,1317,.405,178,530,.336,328,482,.680,261,834,286,135,82,246,342,2021
Winthrop,25,23,2,.920,4.69,-7.15,,17,1,,11,1,,10,0,,1972,1676,,1000,695,1521,.457,210,597,.352,372,541,.688,321,1003,374,186,57,350,459,2021
Wisconsin,31,18,13,.581,17.22,11.93,,10,10,,11,5,,5,6,,2167,2003,,1250,767,1806,.425,269,738,.364,364,474,.768,255,1042,414,175,123,280,500,2021
Akron,34,24,10,.706,0.91,-3.93,,14,6,,12,3,,8,4,,2402,2130,,1365,827,1799,.460,265,748,.354,483,701,.689,334,1188,396,199,110,388,536,2022
Alabama,33,19,14,.576,14.62,11.59,,9,9,,13,3,,3,7,,2623,2523,,1325,911,2072,.440,305,987,.309,496,681,.728,443,1306,484,233,155,480,609,2022
Arizona,37,33,4,.892,22.75,6.84,,18,2,,17,0,,9,3,,3107,2518,,1490,1117,2269,.492,287,815,.352,586,793,.739,429,1531,726,249,210,497,619,2022
Arkansas,37,28,9,.757,16.27,8.62,,13,5,,17,1,,5,4,,2810,2527,,1490,972,2241,.434,233,767,.304,633,833,.760,399,1399,512,281,153,452,624,2022
Auburn,34,28,6,.824,19.20,8.17,,15,3,,16,0,,8,3,,2660,2285,,1380,943,2166,.435,274,862,.318,500,684,.731,435,1375,501,284,272,411,629,2022
Baylor,34,27,7,.794,21.73,8.76,,14,4,,15,2,,8,3,,2619,2178,,1370,962,2083,.462,274,799,.343,421,604,.697,437,1264,542,298,117,421,548,2022
Boise State,35,27,8,.771,11.93,5.22,,15,3,,13,3,,9,3,,2389,2130,,1415,849,1910,.445,257,742,.346,434,668,.650,358,1219,399,210,120,422,526,2022
Bryant,32,22,10,.688,-4.80,-7.41,,15,2,,14,1,,7,7,,2497,2348,,1290,879,2013,.437,264,868,.304,475,649,.732,404,1322,444,207,143,444,544,2022
Cal State Fullerton,32,21,11,.656,-0.04,-2.28,,12,5,,11,2,,7,7,,2239,2129,,1280,792,1781,.445,176,535,.329,479,625,.766,312,1070,360,233,63,388,506,2022
Chattanooga,35,27,8,.771,6.12,-0.94,,14,4,,12,3,,12,4,,2596,2253,,1410,956,2059,.464,276,800,.345,408,547,.746,378,1264,449,252,75,384,547,2022
Colgate,35,23,12,.657,0.98,-6.37,,16,2,,15,1,,8,10,,2646,2349,,1405,964,2034,.474,347,858,.404,371,532,.697,309,1266,598,214,126,397,507,2022
Colorado State,31,25,6,.806,11.51,4.77,,14,4,,14,1,,6,3,,2275,2047,,1250,821,1710,.480,241,675,.357,392,507,.773,208,982,442,198,95,313,466,2022
Connecticut,33,23,10,.697,16.40,6.88,,13,6,,14,2,,5,5,,2469,2155,,1345,880,2021,.435,245,697,.352,464,616,.753,455,1333,463,196,212,388,554,2022
Creighton,35,23,12,.657,11.34,8.54,,12,7,,11,4,,6,5,,2422,2324,,1415,896,2002,.448,235,763,.308,395,535,.738,336,1335,466,192,149,492,476,2022
Davidson,34,27,7,.794,10.43,1.92,,15,3,,13,1,,9,3,,2567,2244,,1365,908,1887,.481,301,778,.387,450,597,.754,251,1161,498,157,88,333,504,2022
Delaware,35,22,13,.629,0.32,-1.82,,10,8,,9,5,,8,5,,2568,2456,,1410,909,1940,.469,261,752,.347,489,657,.744,298,1138,440,233,129,440,547,2022
Duke,39,32,7,.821,19.55,7.26,,16,4,,15,3,,9,2,,3122,2643,,1565,1158,2357,.491,308,841,.366,498,675,.738,410,1480,642,249,219,400,532,2022
Georgia State,29,18,11,.621,-1.11,-1.34,,9,5,,8,4,,6,5,,2049,1906,,1175,722,1806,.400,221,670,.330,384,533,.720,385,1084,391,255,130,339,466,2022
Gonzaga,32,28,4,.875,25.46,4.50,,13,1,,16,0,,5,1,,2790,2119,,1280,1045,2004,.521,262,708,.370,438,614,.713,309,1341,578,205,186,370,497,2022
Houston,38,32,6,.842,22.55,6.47,,15,3,,16,1,,7,3,,2844,2233,,1535,1054,2267,.465,298,881,.338,438,657,.667,506,1482,617,305,196,423,652,2022
Illinois,33,23,10,.697,16.69,9.48,,15,5,,13,3,,7,4,,2456,2218,,1330,863,1925,.448,295,821,.359,435,616,.706,379,1271,501,171,99,408,538,2022
Indiana,35,21,14,.600,12.71,8.08,,9,11,,14,4,,3,8,,2478,2316,,1415,903,1988,.454,206,619,.333,466,666,.700,318,1264,511,197,169,414,609,2022
Iowa,36,26,10,.722,18.90,6.87,,12,8,,15,3,,6,6,,2995,2562,,1450,1071,2322,.461,331,912,.363,522,697,.749,428,1344,577,264,156,332,583,2022
Iowa State,35,22,13,.629,12.38,9.33,,7,11,,14,5,,4,6,,2296,2189,,1410,849,1969,.431,234,742,.315,364,533,.683,337,1134,513,299,109,484,639,2022
Jacksonville State,32,21,11,.656,-0.19,-3.79,,13,3,,11,4,,9,5,,2353,2151,,1285,838,1796,.467,297,769,.386,380,554,.686,308,1177,458,199,92,419,459,2022
Kansas,40,34,6,.850,22.28,11.30,,14,4,,16,1,,6,4,,3129,2690,,1615,1144,2393,.478,286,793,.361,555,774,.717,438,1515,613,251,172,484,637,2022
Kentucky,34,26,8,.765,20.90,8.02,,14,4,,18,0,,6,5,,2701,2263,,1370,1030,2133,.483,207,596,.347,434,598,.726,441,1365,549,231,144,394,487,2022
Longwood,33,26,7,.788,-0.35,-6.11,,15,1,,16,1,,7,5,,2499,2170,,1330,873,1932,.452,269,712,.378,484,667,.726,392,1217,464,257,79,399,507,2022
Louisiana State,34,22,12,.647,17.45,8.30,,9,9,,15,2,,3,8,,2467,2156,,1370,879,2005,.438,220,697,.316,489,669,.731,411,1257,431,373,145,499,651,2022
Loyola (IL),33,25,8,.758,13.39,2.93,,13,5,,12,2,,8,3,,2403,2029,,1340,855,1795,.476,293,773,.379,400,562,.712,257,1119,492,229,80,404,568,2022
Marquette,32,19,13,.594,11.36,8.96,,11,8,,13,3,,4,7,,2369,2292,,1290,861,1915,.450,275,800,.344,372,502,.741,251,1113,511,249,165,396,556,2022
Memphis,33,22,11,.667,14.67,7.86,,13,5,,13,2,,5,6,,2480,2255,,1320,889,1895,.469,205,577,.355,497,716,.694,413,1280,522,277,180,527,621,2022
Miami (FL),37,26,11,.703,11.22,7.62,,14,6,,10,5,,10,2,,2736,2603,,1485,1011,2136,.473,257,759,.339,457,616,.742,269,1132,523,328,118,352,550,2022
Michigan,34,19,15,.559,14.26,11.02,,11,9,,10,5,,5,7,,2470,2360,,1360,914,1957,.467,213,628,.339,429,575,.746,337,1215,481,160,112,396,516,2022
Michigan State,36,23,13,.639,13.18,9.96,,11,9,,12,3,,5,6,,2601,2485,,1440,939,2059,.456,262,694,.378,461,615,.750,363,1329,565,205,181,459,609,2022
Montana State,35,27,8,.771,-0.26,-5.54,,16,4,,13,1,,9,6,,2679,2425,,1415,923,1952,.473,268,729,.368,565,749,.754,305,1230,462,183,128,450,639,2022
Murray State,34,31,3,.912,9.87,-3.07,,18,0,,15,0,,11,1,,2690,2150,,1365,978,2056,.476,272,775,.351,462,668,.692,424,1328,501,266,108,389,524,2022
New Mexico State,34,27,7,.794,7.11,1.24,,13,4,,13,2,,9,3,,2464,2197,,1365,869,1913,.454,268,812,.330,458,652,.702,369,1298,465,170,138,478,539,2022
Norfolk State,31,24,7,.774,-3.91,-9.30,,12,2,,11,0,,7,6,,2302,1997,,1240,814,1766,.461,216,629,.343,458,655,.699,319,1192,386,207,111,435,547,2022
North Carolina,39,29,10,.744,15.50,8.89,,15,5,,15,2,,8,3,,3038,2780,,1575,1076,2409,.447,328,917,.358,558,730,.764,447,1609,582,202,153,455,564,2022
Notre Dame,35,24,11,.686,11.87,7.01,,15,5,,14,1,,7,5,,2540,2349,,1420,913,1973,.463,318,834,.381,396,526,.753,251,1190,491,182,65,365,446,2022
Ohio State,32,20,12,.625,14.17,9.08,,12,8,,13,3,,5,6,,2329,2166,,1290,819,1740,.471,251,688,.365,440,581,.757,288,1107,400,144,152,358,525,2022
Providence,33,27,6,.818,13.08,7.75,,14,3,,16,1,,7,2,,2360,2184,,1345,808,1859,.435,243,706,.344,501,688,.728,348,1241,437,166,121,377,527,2022
Purdue,37,29,8,.784,19.15,8.23,,14,6,,16,1,,5,5,,2936,2532,,1495,1026,2094,.490,315,820,.384,569,800,.711,412,1431,601,172,128,436,535,2022
Richmond,37,24,13,.649,7.07,4.48,,10,8,,11,4,,7,5,,2628,2532,,1490,934,2112,.442,290,881,.329,470,655,.718,280,1194,536,281,87,361,513,2022
Rutgers,32,18,14,.563,8.78,6.81,,12,8,,14,3,,4,9,,2192,2129,,1300,826,1856,.445,199,587,.339,341,487,.700,327,1141,486,225,128,369,504,2022
Saint Mary's,34,26,8,.765,14.82,6.58,,12,3,,16,0,,6,4,,2370,2061,,1360,888,1915,.464,246,696,.353,348,459,.758,293,1146,458,235,86,382,529,2022
Saint Peter's,34,22,12,.647,2.96,-0.47,,14,6,,9,4,,7,7,,2277,2125,,1370,797,1865,.427,198,566,.350,485,692,.701,366,1218,418,240,170,456,669,2022
San Diego State,32,23,9,.719,13.13,5.85,,13,4,,14,1,,5,5,,2093,1860,,1295,761,1761,.432,192,542,.354,379,548,.692,315,1121,382,239,152,409,559,2022
San Francisco,34,24,10,.706,14.12,5.24,,10,6,,14,4,,7,2,,2630,2304,,1365,944,2064,.457,327,934,.350,415,598,.694,361,1287,443,261,158,434,615,2022
Seton Hall,32,21,11,.656,12.75,8.52,,11,8,,13,3,,6,5,,2302,2125,,1285,808,1925,.420,234,692,.338,452,600,.753,387,1233,330,226,173,388,500,2022
South Dakota State,35,30,5,.857,6.60,-3.77,,18,0,,14,0,,10,3,,3005,2561,,1405,1078,2069,.521,326,733,.445,523,690,.758,258,1241,528,213,89,385,536,2022
Southern California,34,26,8,.765,12.50,6.09,,14,6,,13,3,,9,3,,2461,2243,,1370,910,2002,.455,230,644,.357,411,619,.664,399,1363,485,170,151,415,531,2022
Tennessee,35,27,8,.771,20.46,9.94,,14,4,,16,0,,6,5,,2571,2203,,1410,915,2107,.434,305,848,.360,436,610,.715,409,1290,576,326,150,429,592,2022
Texas,34,22,12,.647,17.01,8.87,,10,8,,16,3,,4,7,,2339,2062,,1370,832,1886,.441,225,681,.330,450,603,.746,353,1131,450,261,115,393,608,2022
Texas A&M-Corpus Christi,35,23,12,.657,-6.78,-9.10,,7,7,,9,4,,7,6,,2682,2454,,1405,943,2130,.443,224,666,.336,572,776,.737,447,1341,528,298,62,492,711,2022
Texas Christian,34,21,13,.618,13.72,10.16,,8,10,,12,4,,4,6,,2328,2207,,1370,862,1963,.439,188,622,.302,416,617,.674,442,1326,464,219,141,492,527,2022
Texas Southern,32,19,13,.594,-3.30,-6.24,,13,5,,7,2,,8,10,,2209,2115,,1285,803,1854,.433,180,573,.314,423,623,.679,379,1261,343,178,165,478,566,2022
Texas Tech,37,27,10,.730,20.08,8.65,,12,6,,18,0,,3,7,,2667,2244,,1495,969,2055,.472,225,700,.321,504,722,.698,391,1348,506,296,130,499,598,2022
UAB,35,27,8,.771,10.90,-0.14,,14,4,,16,2,,7,4,,2811,2336,,1415,1035,2212,.468,276,734,.376,465,629,.739,424,1339,453,334,146,402,579,2022
UCLA,35,27,8,.771,19.30,8.36,,15,5,,14,1,,8,4,,2639,2256,,1425,967,2148,.450,237,671,.353,468,632,.741,394,1281,486,244,116,313,554,2022
Vermont,34,28,6,.824,7.81,-5.70,,17,1,,16,0,,10,4,,2544,2065,,1365,936,1902,.492,298,817,.365,374,504,.742,248,1191,515,173,84,326,475,2022
Villanova,38,30,8,.789,19.31,10.29,,16,4,,12,1,,8,5,,2726,2383,,1525,922,2133,.432,355,988,.359,527,635,.830,392,1322,451,229,83,376,566,2022
Virginia Tech,36,23,13,.639,14.48,6.48,,11,9,,11,4,,7,6,,2549,2261,,1445,933,1981,.471,319,814,.392,364,485,.751,305,1152,515,192,114,391,535,2022
Wisconsin,33,25,8,.758,13.13,9.16,,15,5,,12,4,,9,2,,2308,2177,,1320,815,1931,.422,213,696,.306,465,626,.743,308,1156,365,175,97,287,554,2022
Wright State,36,22,14,.611,-1.94,-5.11,,15,7,,12,3,,7,7,,2729,2585,,1440,987,2140,.461,233,700,.333,522,680,.768,377,1255,506,212,107,440,523,2022
Wyoming,34,25,9,.735,9.36,3.60,,13,5,,14,1,,8,5,,2466,2227,,1380,853,1865,.457,275,804,.342,485,669,.725,280,1212,381,133,67,385,516,2022
Yale,31,19,12,.613,-0.10,-1.34,,11,3,,10,3,,6,6,,2226,2143,,1245,795,1800,.442,212,647,.328,424,577,.735,278,1112,371,193,98,398,543,2022
Alabama,37,31,6,.838,23.19,9.65,,16,2,,15,0,,9,3,,3027,2526,,1510,1023,2314,.442,366,1093,.335,615,848,.725,484,1652,555,224,189,512,691,2023
Arizona,35,28,7,.800,19.08,8.34,,14,6,,15,2,,6,4,,2866,2490,,1400,1023,2072,.494,295,781,.378,525,742,.708,356,1376,662,213,110,468,593,2023
Arizona State,36,23,13,.639,11.29,8.18,,11,9,,10,5,,7,6,,2559,2447,,1455,910,2163,.421,274,851,.322,465,675,.689,395,1315,515,255,170,422,668,2023
Arkansas,36,22,14,.611,15.99,9.87,,8,10,,14,3,,2,8,,2666,2446,,1445,961,2063,.466,179,572,.313,565,810,.698,373,1272,462,302,182,458,694,2023
Auburn,34,21,13,.618,14.35,9.29,,10,8,,14,2,,4,8,,2474,2302,,1365,875,1991,.439,221,701,.315,503,723,.696,396,1231,479,263,172,414,655,2023
Baylor,34,23,11,.676,17.30,10.54,,11,7,,14,3,,5,5,,2619,2389,,1365,880,1957,.450,323,878,.368,536,720,.744,391,1155,483,223,82,413,590,2023
Boise State,34,24,10,.706,12.78,6.21,,13,5,,14,1,,6,6,,2451,2198,,1375,878,1938,.453,265,733,.362,430,587,.733,307,1215,385,171,97,379,555,2023
Colgate,35,26,9,.743,2.20,-5.86,,17,1,,14,2,,11,4,,2733,2426,,1400,1042,2038,.511,286,709,.403,363,549,.661,279,1179,637,248,100,357,438,2023
College of Charleston,35,31,4,.886,8.40,-4.02,,16,2,,17,1,,11,2,,2804,2353,,1410,959,2202,.436,348,1051,.331,538,723,.744,472,1411,478,259,109,418,590,2023
Connecticut,39,31,8,.795,22.95,8.51,,13,7,,15,2,,6,5,,3064,2501,,1560,1082,2333,.464,353,973,.363,547,719,.761,507,1534,684,245,190,503,692,2023
Creighton,37,24,13,.649,17.83,9.80,,14,6,,13,2,,5,6,,2828,2531,,1490,1014,2164,.469,319,902,.354,481,614,.783,306,1369,581,185,152,429,486,2023
Drake,35,27,8,.771,7.84,-1.14,,15,5,,14,1,,6,6,,2617,2236,,1430,952,2032,.469,278,751,.370,435,567,.767,278,1250,478,187,92,368,522,2023
Duke,36,27,9,.750,15.83,7.44,,14,6,,16,0,,4,6,,2592,2290,,1445,936,2072,.452,245,731,.335,475,620,.766,432,1392,526,204,163,432,549,2023
FDU,37,21,16,.568,-8.98,-9.83,,10,6,,10,5,,8,9,,2863,2744,,1495,1045,2312,.452,302,876,.345,471,626,.752,427,1271,545,295,74,425,696,2023
Florida Atlantic,39,35,4,.897,13.92,2.30,,18,2,,17,0,,11,3,,3035,2547,,1570,1084,2326,.466,375,1024,.366,492,684,.719,425,1519,562,252,100,460,613,2023
Furman,36,28,8,.778,4.89,-2.90,,15,3,,14,2,,8,3,,2911,2563,,1455,1016,2129,.477,340,988,.344,539,727,.741,351,1262,600,238,115,397,604,2023
Gonzaga,37,31,6,.838,18.99,8.04,,14,2,,15,1,,7,2,,3187,2715,,1485,1188,2282,.521,279,737,.379,532,768,.693,383,1376,602,268,127,397,613,2023
Grand Canyon,36,24,12,.667,4.43,1.27,,10,7,,14,4,,5,5,,2706,2421,,1450,933,2018,.462,323,843,.383,517,722,.716,364,1317,452,177,115,430,648,2023
Houston,37,33,4,.892,22.20,4.79,,17,1,,16,2,,11,0,,2770,2126,,1480,1010,2203,.458,284,835,.340,466,636,.733,474,1441,544,293,182,370,618,2023
Howard,35,22,13,.629,-5.04,-5.14,,11,3,,12,2,,6,8,,2634,2542,,1405,934,2038,.458,282,754,.374,484,679,.713,407,1252,523,252,109,573,614,2023
Illinois,33,20,13,.606,14.81,7.65,,11,9,,15,2,,3,7,,2452,2216,,1335,874,1946,.449,251,815,.308,453,667,.679,366,1248,409,229,186,426,559,2023
Indiana,35,23,12,.657,14.94,8.88,,12,8,,15,2,,5,7,,2616,2404,,1405,994,2044,.486,200,544,.368,428,602,.711,321,1250,533,203,177,402,599,2023
Iona,35,27,8,.771,7.61,-2.76,,17,3,,11,1,,8,4,,2660,2297,,1405,979,2135,.459,247,683,.362,453,619,.732,389,1245,520,261,192,367,568,2023
Iowa,33,19,14,.576,14.08,8.69,,11,9,,14,3,,4,7,,2642,2464,,1335,941,2077,.453,265,779,.340,495,671,.738,398,1207,541,216,112,325,488,2023
Iowa State,33,19,14,.576,15.36,10.39,,9,9,,13,3,,3,8,,2231,2067,,1330,834,1882,.443,211,637,.331,352,525,.670,380,1111,457,290,96,427,633,2023
Kansas,36,28,8,.778,19.20,11.84,,13,5,,15,1,,7,4,,2715,2450,,1450,1002,2142,.468,251,724,.347,460,639,.720,353,1294,590,317,139,444,597,2023
Kansas State,36,26,10,.722,15.79,9.48,,11,7,,16,1,,4,7,,2742,2515,,1465,961,2083,.461,258,752,.343,562,751,.748,355,1247,611,289,100,498,644,2023
Kennesaw State,35,26,9,.743,0.60,-2.06,,15,3,,15,1,,10,6,,2626,2415,,1415,931,2021,.461,286,783,.365,478,723,.661,337,1234,502,276,96,434,631,2023
Kent State,35,28,7,.800,7.53,-1.22,,15,3,,15,0,,9,6,,2665,2305,,1405,957,2128,.450,275,818,.336,476,656,.726,386,1249,432,309,138,398,659,2023
Kentucky,34,22,12,.647,14.76,8.08,,12,6,,14,4,,6,4,,2532,2305,,1370,929,2045,.454,213,613,.347,461,653,.706,472,1339,512,219,125,400,545,2023
Louisiana,34,26,8,.765,4.27,-0.51,,13,5,,14,0,,7,7,,2630,2362,,1365,950,1972,.482,239,635,.376,491,720,.682,377,1241,489,244,102,415,577,2023
Marquette,36,29,7,.806,17.07,8.01,,17,3,,16,1,,9,4,,2856,2530,,1460,1056,2174,.486,322,912,.353,422,588,.718,317,1146,624,330,108,386,582,2023
Maryland,35,22,13,.629,14.58,8.35,,11,9,,16,1,,2,9,,2440,2222,,1405,862,1925,.448,233,710,.328,483,660,.732,342,1175,398,191,131,373,560,2023
Memphis,35,26,9,.743,14.50,6.90,,13,5,,13,2,,7,5,,2778,2512,,1415,1004,2096,.479,215,609,.353,555,743,.747,364,1256,546,301,158,467,637,2023
Miami (FL),37,29,8,.784,13.98,6.84,,15,5,,16,1,,7,4,,2925,2661,,1485,1058,2205,.480,278,755,.368,531,677,.784,384,1285,535,270,115,411,527,2023
Michigan State,34,21,13,.618,14.25,11.25,,11,8,,12,2,,5,7,,2411,2309,,1380,879,1944,.452,252,642,.393,401,528,.759,307,1213,497,160,102,370,557,2023
Mississippi State,34,21,13,.618,11.43,6.69,,8,10,,12,4,,4,6,,2234,2073,,1380,816,1936,.421,178,669,.266,424,655,.647,440,1288,482,293,117,434,517,2023
Missouri,35,25,10,.714,11.41,6.89,,11,7,,16,3,,5,5,,2762,2604,,1410,988,2092,.472,325,904,.360,461,608,.758,310,1058,558,357,95,390,631,2023
Montana State,35,25,10,.714,2.18,-1.43,,15,3,,12,1,,10,5,,2588,2342,,1410,879,1876,.469,216,642,.336,614,814,.754,291,1154,438,229,104,415,641,2023
NC State,34,23,11,.676,12.50,5.58,,12,8,,15,2,,4,6,,2643,2408,,1365,982,2181,.450,281,810,.347,398,551,.722,385,1244,434,266,152,320,592,2023
Nevada,33,22,11,.667,10.01,6.41,,12,6,,14,1,,6,7,,2397,2238,,1345,799,1794,.445,238,678,.351,561,708,.792,245,1101,474,197,100,339,592,2023
Northern Kentucky,35,22,13,.629,-0.83,-2.89,,14,6,,14,3,,6,6,,2372,2224,,1425,851,1997,.426,283,827,.342,387,556,.696,394,1136,468,329,89,395,535,2023
Northwestern,34,22,12,.647,13.68,8.71,,12,8,,13,5,,7,4,,2303,2134,,1370,801,1968,.407,259,807,.321,442,584,.757,350,1174,434,267,133,327,549,2023
Oral Roberts,35,30,5,.857,8.55,-2.84,,18,0,,16,0,,11,4,,2915,2458,,1400,1058,2231,.474,375,1027,.365,424,548,.774,313,1288,514,237,188,329,453,2023
Penn State,37,23,14,.622,13.04,9.02,,10,10,,13,4,,4,7,,2673,2524,,1505,978,2111,.463,385,995,.387,332,449,.739,227,1205,508,161,79,332,572,2023
Pittsburgh,36,24,12,.667,10.59,5.20,,14,6,,14,3,,7,5,,2704,2510,,1440,930,2081,.447,325,903,.360,519,684,.759,364,1301,506,185,147,400,585,2023
Princeton,32,23,9,.719,4.76,-0.97,,10,4,,12,3,,7,4,,2416,2192,,1295,867,1906,.455,272,796,.342,410,576,.712,325,1248,430,156,106,385,512,2023
Providence,33,21,12,.636,12.89,6.55,,13,7,,15,2,,6,6,,2552,2343,,1345,901,1975,.456,218,630,.346,532,717,.742,400,1257,482,226,147,387,495,2023
Purdue,35,29,6,.829,18.23,8.31,,15,5,,14,2,,8,3,,2543,2196,,1405,884,1936,.457,239,743,.322,536,720,.744,430,1354,542,166,129,388,479,2023
Saint Mary's,35,27,8,.771,17.41,7.18,,14,2,,16,2,,6,2,,2473,2105,,1415,888,1952,.455,263,720,.365,434,625,.694,371,1236,436,239,122,373,579,2023
San Diego State,39,32,7,.821,15.81,8.92,,15,3,,15,1,,8,2,,2775,2475,,1570,986,2251,.438,271,778,.348,532,737,.722,426,1416,504,262,151,452,634,2023
Southeast Missouri State,36,19,17,.528,-7.40,-6.81,,10,8,,9,4,,5,11,,2789,2734,,1465,958,2191,.437,286,875,.327,587,828,.709,347,1262,497,251,115,471,767,2023
Southern California,33,22,11,.667,13.06,8.00,,14,6,,15,2,,5,5,,2391,2224,,1325,855,1878,.455,214,620,.345,465,624,.745,310,1164,445,227,167,410,568,2023
Tennessee,36,25,11,.694,20.84,7.98,,11,7,,14,2,,4,6,,2547,2084,,1445,908,2097,.433,276,840,.329,455,643,.708,464,1382,601,297,130,431,596,2023
Texas,38,29,9,.763,20.56,10.43,,12,6,,17,1,,4,6,,2963,2578,,1535,1083,2289,.473,274,790,.347,523,699,.748,366,1296,614,299,136,439,663,2023
Texas A&M,35,25,10,.714,13.76,7.42,,15,3,,15,1,,7,4,,2549,2327,,1400,835,1932,.432,217,666,.326,662,872,.759,435,1288,439,235,82,430,637,2023
Texas A&M-Corpus Christi,35,24,11,.686,-2.57,-7.02,,14,4,,13,2,,8,7,,2803,2561,,1410,971,2152,.451,268,736,.364,593,749,.792,425,1306,536,296,60,448,665,2023
Texas Christian,35,22,13,.629,15.61,8.78,,9,9,,13,4,,3,7,,2634,2395,,1405,965,2128,.453,197,636,.310,507,725,.699,402,1254,565,281,166,416,578,2023
Texas Southern,35,14,21,.400,-10.56,-5.05,,7,11,,7,6,,3,13,,2422,2518,,1430,894,2095,.427,163,588,.277,471,709,.664,405,1313,412,235,116,511,657,2023
UC Santa Barbara,35,27,8,.771,3.30,-2.03,,15,5,,12,3,,10,4,,2510,2305,,1405,924,1875,.493,194,555,.350,468,644,.727,279,1113,495,222,87,397,562,2023
UCLA,37,31,6,.838,22.11,8.66,,18,2,,17,0,,9,2,,2743,2245,,1480,1033,2245,.460,227,651,.349,450,616,.731,418,1307,538,310,142,371,573,2023
UNC Asheville,35,27,8,.771,-1.74,-4.35,,16,2,,13,0,,10,6,,2604,2418,,1420,897,1890,.475,274,707,.388,536,772,.694,295,1219,446,221,140,496,542,2023
Utah State,35,26,9,.743,14.23,6.81,,13,5,,14,2,,6,4,,2736,2446,,1405,947,1975,.479,325,840,.387,517,678,.763,300,1243,585,175,117,426,589,2023
Vermont,34,23,11,.676,1.63,-3.13,,14,2,,13,1,,9,6,,2471,2276,,1377,901,1901,.474,292,816,.358,377,541,.697,220,1065,465,200,98,318,504,2023
Virginia,33,25,8,.758,13.28,5.98,,15,5,,15,1,,6,5,,2237,1996,,1325,793,1765,.449,220,629,.350,431,613,.703,273,1064,519,225,142,282,471,2023
Virginia Commonwealth,35,27,8,.771,9.89,1.95,,15,3,,15,3,,8,3,,2480,2202,,1400,864,1867,.463,212,610,.348,540,776,.696,324,1161,456,311,160,468,575,2023
West Virginia,34,19,15,.559,15.95,10.89,,7,11,,13,4,,3,8,,2583,2411,,1365,882,1953,.452,248,708,.350,571,769,.743,383,1152,442,227,104,440,632,2023
Xavier,37,27,10,.730,16.03,9.16,,15,5,,15,2,,7,4,,2995,2741,,1485,1109,2256,.492,274,703,.390,503,708,.710,380,1396,705,236,120,459,593,2023
Akron,35,24,11,.686,2.77,-2.08,,13,5,,13,1,,7,6,,2577,2316,,1405,915,2018,.453,280,863,.324,467,642,.727,363,1278,455,197,100,394,583,2024
Alabama,37,25,12,.676,20.69,11.80,,13,5,,14,2,,5,5,,3335,3006,,1490,1136,2385,.476,413,1108,.373,650,842,.772,472,1467,587,256,162,438,734,2024
Arizona,36,27,9,.750,24.54,9.45,,15,5,,15,1,,7,4,,3137,2594,,1465,1124,2321,.484,284,776,.366,605,844,.717,471,1533,665,300,133,430,590,2024
Auburn,35,27,8,.771,22.46,7.66,,13,5,,15,1,,5,5,,2909,2391,,1400,1010,2121,.476,280,795,.352,609,812,.750,393,1323,622,258,215,374,678,2024
Baylor,35,24,11,.686,19.50,10.71,,11,7,,15,2,,4,5,,2814,2489,,1430,967,2001,.483,301,773,.389,579,791,.732,399,1229,514,236,110,421,577,2024
Boise State,33,22,11,.667,13.31,7.35,,13,5,,13,3,,7,3,,2479,2221,,1330,858,1913,.449,258,759,.340,505,686,.736,384,1231,404,189,78,366,550,2024
Brigham Young,34,23,11,.676,19.33,7.86,,10,8,,16,2,,3,7,,2768,2378,,1360,992,2155,.460,378,1087,.348,406,547,.742,405,1343,629,202,101,364,602,2024
Clemson,36,24,12,.667,16.20,10.04,,11,9,,12,4,,6,6,,2785,2563,,1450,991,2115,.469,296,844,.351,507,650,.780,326,1308,533,165,138,363,585,2024
Colgate,35,25,10,.714,-0.31,-5.55,,16,2,,13,3,,10,5,,2498,2242,,1400,929,1979,.469,272,757,.359,368,540,.681,286,1245,526,227,122,368,468,2024
College of Charleston,35,27,8,.771,4.09,-2.38,,15,3,,13,2,,10,2,,2832,2575,,1405,1006,2278,.442,368,1072,.343,452,626,.722,457,1392,536,219,108,348,558,2024
Colorado,37,26,11,.703,15.95,8.36,,13,7,,16,1,,4,7,,2935,2654,,1495,1049,2121,.495,254,649,.391,583,744,.784,368,1367,600,221,80,467,548,2024
Colorado State,36,25,11,.694,13.40,7.28,,10,8,,15,2,,4,7,,2707,2422,,1450,980,2024,.484,264,781,.338,483,642,.752,283,1203,648,226,113,376,613,2024
Connecticut,40,37,3,.925,26.70,8.70,,18,2,,16,0,,9,3,,3256,2536,,1600,1177,2367,.497,340,951,.358,562,756,.743,469,1553,748,246,217,383,650,2024
Creighton,35,25,10,.714,20.07,9.53,,14,6,,14,2,,8,5,,2815,2446,,1435,1016,2101,.484,375,1018,.368,408,518,.788,294,1334,588,134,143,372,403,2024
Dayton,33,25,8,.758,13.45,5.73,,14,4,,15,0,,6,5,,2448,2193,,1325,831,1752,.474,310,777,.399,476,643,.740,265,1107,483,182,129,343,447,2024
Drake,35,28,7,.800,11.08,1.84,,16,4,,16,0,,6,5,,2797,2463,,1435,992,2079,.477,300,819,.366,513,681,.753,278,1202,559,226,56,337,570,2024
Duke,36,27,9,.750,20.67,8.36,,15,5,,15,3,,7,4,,2830,2387,,1440,1004,2112,.475,298,791,.377,524,725,.723,383,1319,551,235,132,349,571,2024
Duquesne,37,25,12,.676,7.35,4.68,,10,8,,13,4,,5,6,,2611,2467,,1480,921,2110,.436,279,821,.340,490,681,.720,389,1288,497,277,160,433,634,2024
Florida,36,24,12,.667,15.17,8.81,,11,7,,14,1,,3,7,,3080,2851,,1465,1077,2351,.458,280,812,.345,646,903,.715,527,1522,546,241,189,420,664,2024
Florida Atlantic,34,25,9,.735,13.26,4.61,,14,4,,13,1,,5,5,,2789,2495,,1390,992,2074,.478,284,810,.351,521,724,.720,396,1294,505,244,105,388,546,2024
Gonzaga,35,27,8,.771,17.93,4.02,,14,2,,13,2,,8,2,,2959,2420,,1400,1120,2162,.518,243,674,.361,476,660,.721,379,1355,585,233,135,342,546,2024
Grambling,36,21,15,.583,-9.63,-5.48,,14,4,,9,3,,7,9,,2436,2506,,1458,860,1955,.440,185,547,.338,531,750,.708,346,1158,354,266,115,473,577,2024
Grand Canyon,35,30,5,.857,10.45,-0.52,,17,3,,16,0,,8,3,,2769,2346,,1405,924,2008,.460,245,729,.336,676,903,.749,412,1335,424,289,192,430,625,2024
Houston,37,32,5,.865,25.69,9.80,,15,3,,17,0,,7,3,,2720,2132,,1495,981,2233,.439,286,821,.348,472,687,.687,497,1374,484,362,178,330,658,2024
Howard,35,18,17,.514,-8.69,-8.02,,9,5,,9,4,,6,9,,2623,2600,,1420,868,1932,.449,281,757,.371,606,807,.751,395,1257,485,212,98,541,661,2024
Illinois,38,29,9,.763,19.56,9.54,,14,6,,15,3,,6,5,,3168,2787,,1530,1104,2356,.469,317,908,.349,643,874,.736,486,1554,506,166,143,401,576,2024
Iowa State,37,29,8,.784,22.30,8.51,,13,5,,18,0,,5,5,,2787,2277,,1480,1002,2164,.463,246,687,.358,537,765,.702,393,1254,582,382,113,387,610,2024
James Madison,36,32,4,.889,8.19,-3.75,,15,3,,14,1,,12,2,,2995,2506,,1455,1073,2254,.476,307,852,.360,542,771,.703,415,1390,577,325,113,392,621,2024
Kansas,34,23,11,.676,16.35,11.32,,10,8,,15,1,,3,7,,2569,2376,,1365,960,1967,.488,195,587,.332,454,630,.721,280,1228,647,243,133,397,502,2024
Kentucky,33,23,10,.697,16.79,7.46,,13,5,,14,4,,7,3,,2938,2630,,1335,1055,2132,.495,327,800,.409,501,649,.772,332,1241,579,248,207,352,577,2024
Long Beach State,36,21,15,.583,-1.19,-1.19,,10,10,,8,5,,9,7,,2786,2735,,1450,993,2239,.444,194,637,.305,606,855,.709,450,1399,550,285,151,455,620,2024
Longwood,35,21,14,.600,-2.04,-4.76,,6,10,,13,3,,6,10,,2615,2396,,1420,931,2053,.453,201,590,.341,552,804,.687,470,1343,446,244,88,444,639,2024
Marquette,37,27,10,.730,19.27,11.02,,14,6,,14,2,,7,5,,2888,2583,,1485,1078,2256,.478,327,928,.352,405,576,.703,322,1212,587,317,131,369,556,2024
McNeese,34,30,4,.882,6.42,-6.81,,17,1,,18,0,,11,3,,2719,2116,,1360,973,1997,.487,257,671,.383,516,745,.693,382,1226,506,350,115,329,588,2024
Michigan State,35,20,15,.571,17.72,10.89,,10,10,,14,4,,3,7,,2551,2312,,1405,949,2058,.461,227,626,.363,426,602,.708,353,1215,558,248,132,350,581,2024
Mississippi State,35,21,14,.600,14.19,9.16,,8,10,,11,4,,2,8,,2593,2417,,1405,917,2027,.452,251,781,.321,508,758,.670,436,1333,491,284,107,455,580,2024
Montana State,35,17,18,.486,-5.34,-4.46,,9,9,,10,7,,4,10,,2635,2606,,1420,941,2012,.468,319,863,.370,434,596,.728,237,1068,463,289,84,408,647,2024
Morehead State,35,26,9,.743,0.51,-5.52,,14,4,,14,1,,9,7,,2635,2220,,1400,944,2021,.467,329,912,.361,418,592,.706,407,1372,526,206,160,413,553,2024
NC State,41,26,15,.634,12.81,8.93,,9,11,,12,5,,4,7,,3101,2942,,1660,1117,2483,.450,285,827,.345,582,794,.733,415,1447,536,297,148,392,664,2024
Nebraska,34,23,11,.676,14.36,7.53,,12,8,,18,1,,3,8,,2643,2411,,1375,912,2017,.452,319,893,.357,500,658,.760,326,1280,521,214,89,377,539,2024
Nevada,34,26,8,.765,12.85,4.58,,13,5,,15,2,,8,3,,2582,2276,,1365,881,1860,.474,227,625,.363,593,824,.720,302,1167,511,214,121,342,599,2024
New Mexico,36,26,10,.722,15.04,5.38,,10,8,,13,3,,5,6,,2916,2545,,1440,1067,2343,.455,233,711,.328,549,776,.707,462,1429,524,312,178,361,632,2024
North Carolina,37,29,8,.784,21.36,9.90,,17,3,,14,1,,8,2,,3032,2608,,1485,1046,2323,.450,301,839,.359,639,842,.759,452,1520,536,214,151,373,611,2024
Northwestern,34,22,12,.647,12.77,8.50,,12,8,,15,2,,4,7,,2493,2348,,1385,892,1960,.455,278,713,.390,431,573,.752,290,1068,530,239,106,300,598,2024
Oakland,36,24,12,.667,2.02,-1.24,,15,5,,10,3,,9,7,,2751,2634,,1465,966,2166,.446,318,895,.355,501,667,.751,383,1292,522,237,100,396,544,2024
Oregon,36,24,12,.667,12.22,8.91,,12,8,,13,3,,6,5,,2721,2602,,1453,982,2145,.458,263,778,.338,494,687,.719,357,1238,497,258,131,366,591,2024
Purdue,39,34,5,.872,24.93,11.60,,17,3,,16,0,,7,3,,3211,2691,,1575,1109,2272,.488,318,788,.404,675,938,.720,476,1577,720,212,142,442,536,2024
Saint Mary's,34,26,8,.765,16.31,3.46,,15,1,,14,4,,9,0,,2516,2013,,1370,936,2007,.466,258,733,.352,386,571,.676,448,1345,550,223,130,347,556,2024
Saint Peter's,33,19,14,.576,-4.58,-5.33,,12,8,,8,5,,8,8,,2140,2113,,1325,720,1830,.393,192,590,.325,508,713,.712,411,1161,350,235,137,414,640,2024
Samford,35,29,6,.829,6.32,-3.23,,15,3,,18,0,,8,5,,3012,2607,,1400,1054,2152,.490,351,889,.395,553,765,.723,371,1252,619,347,131,455,667,2024
San Diego State,37,26,11,.703,14.68,8.37,,11,7,,14,1,,6,8,,2742,2467,,1505,954,2167,.440,259,822,.315,575,784,.733,432,1398,481,275,149,413,647,2024
South Carolina,34,26,8,.765,10.98,6.48,,13,5,,14,3,,8,3,,2450,2297,,1370,865,1970,.439,274,809,.339,446,627,.711,387,1210,524,162,108,344,550,2024
South Dakota State,35,22,13,.629,0.52,-2.70,,12,4,,11,3,,6,5,,2675,2490,,1410,977,2029,.482,300,823,.365,421,593,.710,289,1240,450,213,112,395,501,2024
Stetson,35,22,13,.629,-5.09,-3.24,,11,5,,14,2,,6,10,,2687,2566,,1405,950,2053,.463,313,857,.365,474,619,.766,339,1216,465,187,108,369,516,2024
Tennessee,36,27,9,.750,21.81,10.42,,14,4,,14,2,,8,3,,2836,2426,,1440,979,2223,.440,315,915,.344,563,750,.751,419,1393,600,280,166,367,629,2024
Texas,34,21,13,.618,15.91,9.41,,9,9,,14,4,,4,6,,2563,2342,,1365,932,1988,.469,245,691,.355,454,600,.757,339,1179,512,244,149,393,587,2024
Texas A&M,36,21,15,.583,13.35,9.32,,9,9,,10,5,,6,6,,2736,2591,,1450,926,2304,.402,255,869,.293,629,890,.707,627,1541,412,250,108,346,611,2024
Texas Christian,34,21,13,.618,14.62,7.32,,9,9,,12,4,,6,5,,2687,2439,,1380,964,2089,.461,224,632,.354,535,732,.731,433,1263,575,305,128,438,593,2024
Texas Tech,34,23,11,.676,14.96,9.28,,11,7,,15,2,,4,6,,2561,2368,,1365,877,1943,.451,289,804,.359,518,664,.780,338,1188,501,204,86,378,508,2024
UAB,35,23,12,.657,5.14,3.73,,12,6,,12,5,,7,5,,2711,2627,,1420,937,2085,.449,215,658,.327,622,834,.746,451,1329,473,236,159,406,555,2024
Utah State,35,28,7,.800,11.56,5.29,,14,4,,14,1,,8,4,,2788,2497,,1420,999,2036,.491,226,678,.333,564,783,.720,332,1254,572,238,148,385,594,2024
Vermont,35,28,7,.800,2.78,-3.31,,15,1,,16,1,,10,4,,2506,2205,,1405,900,1980,.455,300,878,.342,406,567,.716,268,1212,478,206,136,322,488,2024
Virginia,34,23,11,.676,10.45,7.31,,13,7,,15,2,,5,6,,2140,2033,,1375,808,1887,.428,220,615,.358,304,477,.637,298,1107,509,239,169,274,460,2024
Wagner,33,17,16,.515,-10.64,-8.58,,7,9,,7,5,,9,10,,2103,2083,,1335,758,1913,.396,238,727,.327,349,496,.704,369,1183,421,195,76,326,507,2024
Washington State,35,25,10,.714,14.02,7.19,,14,6,,15,2,,6,4,,2574,2335,,1410,948,2046,.463,223,658,.339,455,646,.704,391,1317,435,181,172,383,582,2024
Western Kentucky,34,22,12,.647,1.19,-2.91,,8,8,,12,2,,6,7,,2728,2531,,1361,996,2138,.466,233,686,.340,503,699,.720,361,1358,454,260,110,470,625,2024
Wisconsin,36,22,14,.611,16.01,11.35,,11,9,,14,3,,3,9,,2688,2520,,1455,952,2067,.461,256,734,.349,528,699,.755,362,1224,458,224,59,358,594,2024
Yale,33,23,10,.697,4.63,0.41,,11,3,,9,2,,9,6,,2465,2226,,1340,919,1969,.467,241,687,.351,386,546,.707,326,1205,495,204,105,316,499,2024
Akron,35,28,7,.800,3.22,-3.75,,17,1,,16,0,,8,4,,2941,2627,,1405,1060,2260,.469,376,1038,.362,445,590,.754,414,1347,621,267,131,414,623,2025
Alabama,37,28,9,.757,25.54,16.14,,13,5,,12,3,,9,3,,3355,3007,,1490,1147,2371,.484,390,1104,.353,671,932,.720,459,1567,636,228,167,469,700,2025
Alabama State,36,20,16,.556,-8.99,-8.19,,12,6,,8,3,,6,10,,2630,2607,,1445,927,2290,.405,320,978,.327,456,665,.686,417,1303,418,285,101,327,662,2025
American,35,22,13,.629,-7.64,-6.85,,13,5,,14,2,,5,10,,2406,2370,,1420,840,1893,.444,299,859,.348,427,566,.754,270,1057,441,229,66,389,625,2025
Arizona,37,24,13,.649,22.94,13.72,,14,6,,13,3,,6,5,,3052,2711,,1490,1076,2268,.474,266,787,.338,634,813,.780,456,1470,598,279,162,421,625,2025
Arkansas,36,22,14,.611,17.09,11.70,,8,10,,14,4,,4,6,,2765,2571,,1450,978,2115,.462,253,774,.327,556,752,.739,343,1283,510,271,202,414,583,2025
Auburn,38,32,6,.842,28.68,15.13,,15,3,,13,2,,8,2,,3153,2638,,1525,1116,2344,.476,343,956,.359,578,795,.727,449,1423,613,261,224,359,702,2025
Baylor,35,20,15,.571,18.77,13.86,,10,10,,13,3,,3,9,,2664,2443,,1425,946,2125,.445,294,846,.348,478,640,.747,454,1256,504,264,98,378,570,2025
Brigham Young,36,26,10,.722,19.07,10.21,,14,6,,15,2,,6,5,,2931,2612,,1465,1042,2161,.482,378,1028,.368,469,658,.713,406,1354,621,257,113,434,587,2025
Bryant,35,23,12,.657,-1.99,-6.93,,14,2,,12,3,,10,7,,2862,2598,,1405,1054,2304,.457,271,814,.333,483,676,.714,465,1439,522,233,210,415,548,2025
Clemson,34,27,7,.794,17.81,7.51,,18,2,,15,2,,9,3,,2586,2236,,1390,930,2012,.462,288,781,.369,438,570,.768,383,1202,484,252,119,358,518,2025
Colorado State,36,26,10,.722,13.94,6.05,,16,4,,14,2,,7,4,,2707,2423,,1455,953,1996,.477,310,855,.363,489,631,.775,302,1257,594,185,99,414,620,2025
Connecticut,35,24,11,.686,17.87,8.87,,14,6,,14,2,,7,4,,2696,2381,,1420,954,2008,.475,299,858,.348,489,618,.791,392,1251,606,190,217,389,639,2025
Creighton,36,25,11,.694,16.49,11.04,,15,5,,15,2,,6,5,,2717,2521,,1450,974,2041,.477,344,998,.345,425,584,.728,303,1346,615,130,161,440,400,2025
Drake,35,31,4,.886,9.60,1.27,,17,3,,14,2,,10,1,,2444,2062,,1425,846,1759,.481,232,644,.360,520,744,.699,354,1079,474,313,85,388,553,2025
Duke,39,35,4,.897,30.72,10.26,,19,1,,17,0,,10,1,,3246,2448,,1560,1129,2289,.493,394,1020,.386,594,752,.790,415,1488,662,262,153,363,618,2025
Florida,40,36,4,.900,27.78,12.60,,14,4,,15,1,,7,3,,3391,2784,,1600,1182,2510,.471,390,1097,.356,637,875,.728,549,1673,619,296,179,444,683,2025
Georgia,33,20,13,.606,16.36,10.94,,8,10,,15,3,,3,7,,2486,2307,,1320,860,1870,.460,228,692,.329,538,750,.717,391,1203,411,256,169,426,548,2025
Gonzaga,35,26,9,.743,23.75,7.27,,14,4,,13,2,,8,2,,3024,2447,,1415,1108,2212,.501,263,743,.354,545,678,.804,385,1339,691,261,104,334,589,2025
Grand Canyon,34,26,8,.765,4.97,-2.63,,13,3,,16,1,,5,4,,2661,2362,,1365,906,1988,.456,211,677,.312,638,873,.731,381,1266,469,312,175,448,594,2025
High Point,35,29,6,.829,5.30,-5.19,,14,2,,16,1,,7,3,,2858,2413,,1405,1000,2031,.492,290,798,.363,568,746,.761,390,1263,454,214,100,363,633,2025
Houston,40,35,5,.875,28.45,13.45,,19,1,,16,1,,10,0,,2946,2346,,1625,1070,2384,.449,326,828,.394,480,649,.740,512,1475,483,310,184,360,651,2025
Illinois,35,22,13,.629,21.59,12.79,,12,8,,13,4,,5,5,,2927,2619,,1411,1006,2233,.451,330,1054,.313,585,768,.762,453,1492,520,150,147,409,567,2025
Iowa State,35,25,10,.714,22.33,10.33,,13,7,,15,2,,6,5,,2812,2392,,1420,982,2034,.483,268,748,.358,580,770,.753,361,1238,524,325,120,420,566,2025
Kansas,34,21,13,.618,20.09,13.56,,11,9,,14,3,,4,8,,2587,2365,,1375,984,2093,.470,253,714,.354,366,511,.716,359,1310,602,211,160,402,486,2025
Kentucky,36,24,12,.667,21.26,14.04,,10,8,,15,3,,4,6,,3040,2780,,1445,1065,2211,.482,341,910,.375,569,778,.731,356,1369,607,249,145,392,620,2025
Liberty,35,28,7,.800,7.42,-0.99,,13,5,,12,3,,9,2,,2655,2219,,1405,958,1959,.489,367,958,.383,372,565,.658,227,1150,588,231,103,354,469,2025
Lipscomb,35,25,10,.714,4.39,-4.43,,14,4,,15,3,,10,6,,2752,2371,,1405,958,2035,.471,344,964,.357,492,620,.794,287,1241,530,242,104,341,437,2025
Louisville,35,27,8,.771,18.49,9.49,,18,2,,14,3,,9,2,,2747,2432,,1405,947,2088,.454,328,999,.328,525,704,.746,389,1305,486,223,100,395,545,2025
Marquette,34,23,11,.676,18.19,10.37,,13,7,,14,3,,7,6,,2603,2337,,1370,943,2123,.444,321,985,.326,396,550,.720,372,1159,467,305,124,318,545,2025
Maryland,36,27,9,.750,23.33,9.41,,14,6,,17,2,,5,5,,2919,2418,,1446,1039,2212,.470,292,782,.373,549,732,.750,380,1305,510,284,161,364,552,2025
McNeese,35,28,7,.800,9.14,-1.05,,19,1,,13,1,,10,2,,2680,2256,,1400,963,2019,.477,263,742,.354,491,704,.697,410,1262,489,315,120,379,570,2025
Memphis,35,29,6,.829,12.15,5.66,,16,2,,13,2,,11,2,,2795,2568,,1415,981,2078,.472,260,692,.376,573,816,.702,427,1313,505,271,166,486,624,2025
Michigan,37,27,10,.730,20.21,13.69,,14,6,,13,3,,7,3,,2885,2644,,1490,1011,2160,.468,301,907,.332,562,772,.728,409,1422,586,198,135,517,633,2025
Michigan State,37,30,7,.811,22.43,11.89,,17,3,,15,1,,8,2,,2874,2484,,1485,1003,2192,.458,224,721,.311,644,827,.779,440,1472,613,196,169,420,617,2025
Mississippi,36,24,12,.667,18.28,12.80,,10,8,,13,3,,5,6,,2779,2582,,1450,959,2156,.445,300,863,.348,561,760,.738,331,1193,510,315,134,324,657,2025
Mississippi State,34,21,13,.618,17.14,11.79,,8,10,,10,5,,6,5,,2704,2522,,1375,971,2147,.452,288,916,.314,474,676,.701,435,1288,517,310,152,365,591,2025
Missouri,34,22,12,.647,19.49,9.49,,10,8,,18,2,,3,7,,2844,2504,,1365,939,1949,.482,296,806,.367,670,918,.730,374,1157,467,318,89,370,620,2025
Montana,35,25,10,.714,-1.45,-1.60,,15,3,,15,1,,7,8,,2680,2565,,1405,964,1934,.498,256,716,.358,496,674,.736,253,1108,474,219,112,380,564,2025
Mount St. Mary's,36,23,13,.639,-7.91,-6.48,,12,8,,10,4,,9,8,,2524,2538,,1460,889,2014,.441,285,827,.345,461,626,.736,366,1350,537,217,99,538,563,2025
New Mexico,35,27,8,.771,15.20,6.52,,17,3,,16,1,,7,4,,2819,2472,,1410,1010,2198,.460,243,701,.347,556,807,.689,419,1361,521,306,174,400,614,2025
Norfolk State,35,24,11,.686,-3.72,-6.65,,11,3,,11,1,,8,9,,2696,2440,,1410,968,1983,.488,185,567,.326,575,760,.757,358,1208,484,244,105,433,622,2025
North Carolina,37,23,14,.622,17.27,11.22,,13,7,,12,3,,6,6,,2987,2763,,1490,1059,2230,.475,295,829,.356,574,775,.741,362,1357,547,221,135,397,625,2025
Oklahoma,34,20,14,.588,14.86,11.22,,6,12,,12,5,,2,7,,2661,2537,,1360,886,1894,.468,288,788,.365,601,756,.795,287,1092,457,265,78,411,629,2025
Omaha,35,22,13,.629,-1.61,-2.43,,13,3,,11,2,,7,9,,2707,2634,,1400,941,2051,.459,288,808,.356,537,744,.722,360,1254,465,207,82,379,639,2025
Oregon,35,25,10,.714,18.00,12.32,,12,8,,12,4,,7,4,,2679,2480,,1415,947,2060,.460,271,788,.344,514,679,.757,357,1253,501,251,130,395,569,2025
Purdue,36,24,12,.667,20.80,13.91,,13,7,,14,2,,5,6,,2781,2533,,1440,985,2027,.486,297,778,.382,514,702,.732,352,1183,574,230,59,375,570,2025
Robert Morris,35,26,9,.743,0.40,-4.92,,15,5,,16,2,,8,6,,2694,2485,,1425,934,2078,.449,264,761,.347,562,780,.721,439,1310,562,224,159,451,586,2025
Saint Francis (PA),34,16,18,.471,-12.76,-7.41,,8,8,,10,4,,6,13,,2415,2433,,1385,902,1952,.462,281,822,.342,330,454,.727,290,1155,484,212,85,440,516,2025
Saint Mary's,35,29,6,.829,17.43,6.46,,17,1,,16,1,,9,1,,2551,2138,,1410,940,2088,.450,223,698,.319,448,645,.695,489,1390,529,214,140,338,523,2025
San Diego State,31,21,10,.677,12.77,8.14,,14,6,,12,3,,6,4,,2194,2004,,1250,789,1784,.442,239,717,.333,375,565,.664,314,1090,404,237,169,340,571,2025
SIU Edwardsville,34,22,12,.647,-6.12,-7.44,,13,7,,12,3,,7,8,,2436,2260,,1370,874,2030,.431,249,748,.333,439,655,.670,403,1297,462,226,137,388,560,2025
St. John's (NY),36,31,5,.861,21.25,8.56,,18,2,,18,0,,8,2,,2825,2368,,1460,1054,2366,.445,221,734,.301,496,718,.691,535,1487,565,320,186,392,601,2025
Tennessee,38,30,8,.789,24.20,13.25,,12,6,,16,1,,6,5,,2813,2397,,1520,967,2138,.452,313,927,.338,566,760,.745,437,1382,586,263,181,397,579,2025
Texas,35,19,16,.543,15.65,9.79,,6,12,,11,7,,4,6,,2747,2542,,1420,956,2067,.463,264,729,.362,569,760,.749,356,1248,452,219,150,348,654,2025
Texas A&M,34,23,11,.676,19.30,13.39,,11,7,,13,3,,5,5,,2537,2336,,1370,857,2050,.418,237,773,.307,586,847,.692,543,1395,406,257,137,414,594,2025
Texas Tech,37,28,9,.757,23.05,10.62,,15,5,,15,3,,8,2,,2993,2533,,1505,1059,2274,.466,371,1011,.367,504,663,.760,438,1371,606,232,115,356,581,2025
Troy,34,23,11,.676,3.55,-2.10,,13,5,,11,4,,9,6,,2495,2235,,1360,851,1954,.436,261,878,.297,532,741,.718,471,1311,473,321,157,458,562,2025
UC San Diego,35,30,5,.857,12.63,-1.92,,18,2,,13,2,,12,2,,2777,2163,,1400,954,2058,.464,375,1035,.362,494,662,.746,319,1190,550,345,74,305,576,2025
UCLA,34,23,11,.676,19.68,10.71,,13,7,,15,2,,5,5,,2522,2217,,1360,909,1960,.464,252,715,.352,450,634,.710,366,1109,555,275,107,359,586,2025
UNC Wilmington,35,27,8,.771,2.36,-3.95,,14,4,,15,3,,9,4,,2771,2459,,1415,971,2067,.470,255,758,.336,574,765,.750,436,1358,538,224,120,385,585,2025
Utah State,34,26,8,.765,13.56,5.35,,15,5,,15,2,,7,4,,2716,2381,,1360,953,1970,.484,300,842,.356,510,726,.702,395,1177,583,291,94,364,617,2025
Vanderbilt,33,20,13,.606,14.66,10.05,,8,10,,14,3,,3,7,,2604,2452,,1325,915,2034,.450,267,822,.325,507,680,.746,379,1145,459,295,129,336,592,2025
Virginia Commonwealth,35,28,7,.800,14.45,1.30,,15,3,,15,1,,7,3,,2693,2201,,1405,929,2088,.445,337,1002,.336,498,670,.743,463,1337,524,282,190,394,632,2025
Wisconsin,37,27,10,.730,20.73,11.49,,13,7,,14,3,,6,5,,2964,2622,,1485,991,2184,.454,366,1052,.348,616,746,.826,347,1350,537,190,87,356,611,2025
Wofford,35,19,16,.543,-0.13,-2.34,,10,8,,7,6,,8,8,,2623,2451,,1410,935,2068,.452,340,992,.343,413,626,.660,453,1337,524,209,88,383,592,2025
Xavier,34,22,12,.647,15.25,8.72,,13,7,,15,2,,5,7,,2656,2434,,1370,905,1938,.467,285,728,.391,561,711,.789,264,1131,568,263,86,371,533,2025
Yale,30,22,8,.733,6.66,-3.10,,13,1,,11,0,,7,6,,2439,2102,,1200,896,1830,.490,229,591,.387,418,573,.729,329,1151,492,173,108,302,489,2025
